id,id_sektor,ime,prezime,cin,datum_rodenja,datum_uclanjenja,status_osoblja,krvna_grupa,ocjena
10001,3,Jagoda,Lučić,Pozornik,1968-03-05,2002-03-21,Mrtav,AB-,4
10002,3,Arabela,Herceg,Skupnik,1967-10-01,2013-10-20,Mrtav,A-,3
10003,1,Vilim,Grgurić,Skupnik,1956-10-30,2016-02-03,Mrtav,A+,2
10004,2,Julija,Kovačić,Narednik,1970-05-05,1993-09-08,Mrtav,0-,1
10005,1,Anđela,Klarić,Narednik,1961-11-28,1995-05-18,Neaktivan,B-,3
10006,1,Donata,Vukelić,Razvodnik,1956-10-08,2005-01-18,Mrtav,A-,2
10007,4,Matija,Perić,Poručnik,1952-12-24,1995-11-04,Neaktivan,AB-,4
10008,3,Sabina,Stanić,Pukovnik,1962-03-28,2014-01-13,Neaktivan,AB-,4
10009,4,Alaia,Božić,Skupnik,1970-11-20,1992-05-13,Neaktivan,B-,2
10010,2,Damjan,Blažević,Pozornik,1956-07-24,2005-07-28,Neaktivan,AB-,2
10011,2,Malija,Šimunić,Brigadir,1955-05-11,2012-03-26,Umirovljen,B+,3
10012,1,Anamarija,Mandić,Pozornik,1957-03-24,2008-10-16,Aktivan,AB-,1
10013,2,Janko,Perković,Skupnik,1967-02-13,1996-03-04,Neaktivan,AB-,4
10014,2,Korina,Babić,Pozornik,1969-10-17,1999-12-14,Neaktivan,AB+,5
10015,4,Toni,Vukelić,Brigadir,1967-09-05,2004-07-03,Umirovljen,A-,4
10016,3,Nora,Marić,Brigadir,1956-05-04,1998-08-18,Mrtav,AB-,5
10017,3,Jana,Šimić,Pozornik,1952-02-07,2004-05-20,Mrtav,0+,4
10018,4,Elio,Horvat,Narednik,1955-04-29,1999-08-25,Umirovljen,A-,4
10019,3,Melanija,Horvat,Skupnik,1967-07-25,1994-06-27,Umirovljen,AB+,3
10020,1,Isla,Pavlić,Poručnik,1966-10-01,2003-05-19,Umirovljen,0+,3
10021,4,Emberli,Filipović,Pukovnik,1970-09-16,2017-03-08,Umirovljen,A+,4
10022,2,Desa,Jovanović,Satnik,1956-09-20,1997-02-26,Neaktivan,A-,2
10023,2,Kalen,Katić,Skupnik,1963-01-21,2014-03-22,Umirovljen,AB+,3
10024,4,Alijah,Šimunić,Pozornik,1954-10-06,1996-06-28,Umirovljen,AB+,4
10025,4,Iva,Lončar,Poručnik,1952-04-30,1993-09-08,Aktivan,B+,4
10026,1,Siri,Kovačić,Bojnik,1962-06-24,2013-02-23,Neaktivan,AB-,3
10027,3,Ilko,Novak,Razvodnik,1968-05-12,2007-11-25,Neaktivan,0+,3
10028,1,Martina,Kovačić,Pozornik,1967-10-09,2006-05-07,Aktivan,AB-,4
10029,1,Aldo,Janković,Satnik,1963-04-14,2017-03-08,Neaktivan,AB-,2
10030,3,Emelina,Šimunić,Razvodnik,1958-05-29,2012-05-13,Aktivan,0+,3
10031,1,Esmeralda,Ružić,Pukovnik,1953-09-01,2015-02-26,Aktivan,AB-,4
10032,3,Ela,Kovačić,Satnik,1970-07-08,1995-07-20,Umirovljen,AB+,3
10033,1,Karina,Šimić,Pozornik,1951-07-07,2013-02-21,Umirovljen,AB-,2
10034,2,Lara,Grgić,Razvodnik,1968-04-28,2013-07-25,Neaktivan,AB+,1
10035,2,Anatea,Lončarić,Skupnik,1954-02-08,2005-01-28,Umirovljen,B-,4
10036,2,Nova,Burić,Narednik,1968-07-31,2007-08-24,Mrtav,0+,1
10037,1,Marjan,Marjanović,Narednik,1968-10-30,1995-01-31,Neaktivan,B-,1
10038,2,Mirna,Đurđević,Pozornik,1952-01-27,2012-12-03,Neaktivan,AB+,2
10039,2,Slavica,Cvitković,Pozornik,1969-05-11,1998-11-05,Mrtav,0+,4
10040,2,Dorotej,Lukić,Pukovnik,1956-05-06,2006-09-21,Mrtav,A-,2
10041,3,Dragutin,Novaković,Razvodnik,1960-05-17,2000-05-09,Umirovljen,B-,5
10042,2,Denis,Varga,Brigadir,1967-05-07,2002-10-14,Umirovljen,B-,1
10043,1,Milana,Horvat,Poručnik,1955-06-11,2017-10-30,Aktivan,A-,4
10044,3,Gvena,Varga,Pukovnik,1963-09-25,2011-08-02,Aktivan,AB+,5
10045,1,Penelopa,Grgurić,Bojnik,1968-02-19,1998-11-07,Mrtav,A-,4
10046,4,Zarija,Marjanović,Narednik,1955-05-26,2015-03-07,Mrtav,0+,5
10047,3,Željkica,Matijević,Pozornik,1962-01-04,2006-07-31,Neaktivan,A+,5
10048,3,Julija,Ivanović,Poručnik,1965-10-07,2007-01-27,Mrtav,0-,2
10049,1,Dijana,Vuković,Poručnik,1969-12-11,2015-12-08,Umirovljen,B-,5
10050,4,Lili,Jozić,Pukovnik,1955-05-02,2014-01-22,Neaktivan,A-,1
10051,3,Jaro,Lučić,Poručnik,1962-02-19,2003-04-09,Umirovljen,B+,2
10052,3,Aleks,Lučić,Brigadir,1967-02-23,2006-12-26,Umirovljen,B-,4
10053,2,Elie,Galić,Pukovnik,1966-03-02,2018-06-24,Mrtav,B-,2
10054,4,Mihaela,Novak,Bojnik,1969-07-01,1994-08-20,Aktivan,AB+,4
10055,1,Matea,Sever,Poručnik,1958-09-07,2016-01-16,Neaktivan,AB+,4
10056,4,Antun,Barišić,Razvodnik,1951-10-17,2018-04-23,Aktivan,A+,2
10057,4,Rhea,Živković,Narednik,1964-09-22,1996-02-28,Umirovljen,B+,1
10058,2,Mario,Šimić,Bojnik,1951-03-12,1990-08-10,Umirovljen,A+,5
10059,1,Jolena,Šimunić,Brigadir,1961-12-13,2016-02-14,Neaktivan,B-,5
10060,3,Dorotea,Kovačević,Poručnik,1968-10-23,2019-04-30,Neaktivan,AB-,1
10061,2,Nika,Jurišić,Skupnik,1960-06-16,2007-12-18,Umirovljen,AB+,4
10062,2,Slađana,Abramović,Pukovnik,1970-06-12,1993-04-22,Umirovljen,A+,1
10063,4,Ela,Grgurić,Brigadir,1961-11-28,1994-01-27,Umirovljen,B-,3
10064,4,Oto,Janković,Poručnik,1966-05-21,1994-10-14,Aktivan,A-,1
10065,1,Alicija,Marjanović,Skupnik,1954-12-02,1997-03-14,Aktivan,0-,2
10066,3,Nala,Tomić,Razvodnik,1958-03-26,2001-05-31,Neaktivan,0-,2
10067,3,Zoi,Ivančić,Bojnik,1968-03-30,2018-10-15,Aktivan,0+,5
10068,2,Magda,Perić,Pukovnik,1969-01-10,2017-12-03,Aktivan,AB-,4
10069,4,Sendi,Popović,Skupnik,1951-09-05,2020-06-20,Neaktivan,B-,3
10070,3,Manda,Vidaković,Brigadir,1958-09-11,2008-10-08,Mrtav,0-,5
10071,4,Harmina,Knežević,Satnik,1951-05-29,2005-03-03,Aktivan,B-,3
10072,1,Leon,Ružić,Skupnik,1956-04-08,1991-05-05,Umirovljen,0+,3
10073,4,Elana,Mandić,Poručnik,1950-01-27,2002-05-22,Neaktivan,AB-,3
10074,4,Sendi,Šimunić,Poručnik,1950-01-09,2018-12-24,Umirovljen,A+,1
10075,4,Lilika,Varga,Brigadir,1963-08-29,1992-09-05,Mrtav,0+,2
10076,3,Mihael,Katić,Poručnik,1964-10-21,2005-06-30,Neaktivan,A+,3
10077,1,Elivija,Perić,Pukovnik,1962-02-23,2016-01-25,Neaktivan,0-,5
10078,4,Goranka,Brkić,Bojnik,1959-03-26,1999-04-15,Aktivan,AB+,4
10079,1,Leonardo,Bilić,Bojnik,1966-06-21,1990-12-22,Mrtav,B+,4
10080,4,Alora,Marušić,Satnik,1960-04-23,2010-03-12,Mrtav,B+,1
10081,3,Sandi,Jurić,Pukovnik,1962-02-23,2016-11-30,Mrtav,A+,4
10082,1,Eta,Matić,Razvodnik,1950-11-28,2002-12-13,Aktivan,0+,4
10083,1,Šime,Klarić,Brigadir,1968-11-25,2010-07-21,Aktivan,A-,5
10084,3,Azalea,Grgurić,Brigadir,1950-12-20,2003-05-08,Neaktivan,A+,1
10085,2,Amaja,Matković,Poručnik,1970-10-18,2000-07-06,Neaktivan,A+,1
10086,4,Lola,Filipović,Skupnik,1950-04-11,2006-02-25,Neaktivan,B-,2
10087,3,Sunčana,Novaković,Satnik,1956-04-29,2015-01-22,Mrtav,A-,5
10088,2,Kai,Lukić,Pukovnik,1958-01-27,1996-06-01,Mrtav,B-,4
10089,2,Severina,Kralj,Brigadir,1960-05-02,2017-01-04,Neaktivan,AB+,5
10090,2,Tihana,Vrdoljak,Pukovnik,1957-05-08,2000-06-12,Mrtav,AB-,1
10091,1,Julijana,Lukić,Bojnik,1967-05-11,1991-07-21,Aktivan,AB+,4
10092,3,Cvijeta,Ivanković,Pukovnik,1969-05-11,2013-03-22,Mrtav,0-,3
10093,3,Viena,Matijević,Skupnik,1960-06-23,1994-09-13,Umirovljen,AB+,2
10094,3,Zoi,Matić,Razvodnik,1954-03-04,2018-05-11,Umirovljen,A+,2
10095,2,Teresa,Butković,Brigadir,1964-09-24,1990-06-16,Umirovljen,B+,3
10096,2,Jadranko,Perković,Pozornik,1951-02-21,2020-11-16,Aktivan,AB-,2
10097,2,Slaven,Dujmović,Razvodnik,1970-12-21,2002-11-30,Aktivan,B+,5
10098,3,Alana,Jovanović,Skupnik,1966-02-14,2010-05-17,Neaktivan,AB-,4
10099,2,Antun,Bilić,Bojnik,1969-04-08,2018-09-04,Mrtav,B+,3
10100,4,Barbara,Jelić,Pozornik,1952-01-05,2009-12-17,Aktivan,A+,3
10101,3,Liv,Perković,Pukovnik,1951-11-27,1991-10-04,Aktivan,0+,1
10102,2,Zoe,Pavlić,Narednik,1969-09-08,2018-04-14,Mrtav,AB-,2
10103,4,Zvjezdana,Jelić,Bojnik,1966-06-14,2013-04-11,Umirovljen,B-,2
10104,3,Zarija,Mandić,Brigadir,1965-05-24,2019-09-26,Umirovljen,A-,5
10105,2,Teo,Lončar,Brigadir,1955-11-13,1992-02-11,Umirovljen,B+,1
10106,4,Levi,Burić,Razvodnik,1969-06-04,1994-09-20,Mrtav,0+,3
10107,1,Oto,Popović,Pozornik,1970-02-28,1991-12-30,Aktivan,B+,1
10108,1,Emil,Bošnjak,Bojnik,1958-05-07,2011-06-05,Mrtav,AB+,5
10109,3,Valentin,Brajković,Brigadir,1964-08-16,2006-03-31,Umirovljen,B-,4
10110,1,Mae,Tomić,Razvodnik,1960-06-14,2020-10-25,Aktivan,AB+,2
10111,3,Josipa,Posavec,Bojnik,1964-05-27,2020-03-28,Mrtav,0-,2
10112,1,Siri,Šimunić,Bojnik,1960-04-09,1994-08-01,Aktivan,0+,3
10113,2,Leonardo,Mandić,Narednik,1960-07-06,1993-09-26,Mrtav,AB+,5
10114,2,Lena,Šimunović,Pozornik,1959-12-29,2003-05-09,Mrtav,B-,5
10115,1,David,Lučić,Skupnik,1951-06-08,2005-08-13,Neaktivan,A-,3
10116,1,Jaro,Krznarić,Satnik,1953-04-05,1991-09-25,Mrtav,AB-,2
10117,4,Demi,Jovanović,Satnik,1965-04-27,2002-11-28,Mrtav,0+,1
10118,2,Adela,Kolarić,Satnik,1963-12-17,2008-02-08,Aktivan,B-,2
10119,3,Katarina,Matković,Pozornik,1962-07-31,2009-07-09,Umirovljen,0-,2
10120,2,Vada,Kovačić,Pukovnik,1953-12-17,2009-11-06,Mrtav,0+,2
10121,4,Neven,Šarić,Skupnik,1963-08-06,2002-08-28,Mrtav,AB-,4
10122,4,Jolena,Horvat,Poručnik,1967-06-11,1997-02-17,Umirovljen,B+,2
10123,4,Dragica,Kovačević,Brigadir,1959-08-18,2004-02-28,Umirovljen,0+,5
10124,4,Arijela,Rukavina,Satnik,1967-01-16,2016-03-10,Aktivan,0+,2
10125,2,Martina,Babić,Brigadir,1970-01-02,1998-07-10,Neaktivan,A-,4
10126,3,Jasmina,Novosel,Poručnik,1956-03-13,2004-06-17,Aktivan,A-,5
10127,3,Mila,Perković,Bojnik,1962-04-01,2012-07-17,Umirovljen,0-,1
10128,1,Romeo,Šajina,Razvodnik,1960-07-07,2004-12-24,Neaktivan,A-,4
10129,2,Maksima,Crnković,Bojnik,1970-02-11,2013-12-23,Aktivan,B-,5
10130,4,Zola,Šimunović,Razvodnik,1968-10-21,2012-09-20,Neaktivan,0+,2
10131,4,Penelopa,Sever,Pukovnik,1957-11-30,1997-01-27,Umirovljen,B+,2
10132,2,Goran,Oreški,General,1950-10-22,1993-12-19,Aktivan,A-,5
10133,4,Kiana,Klarić,Razvodnik,1967-03-29,1994-01-27,Mrtav,0+,1
10134,2,Kali,Dragičević,Pukovnik,1953-10-21,2006-01-26,Neaktivan,AB-,1
10135,4,Tomislava,Jelić,Satnik,1959-11-12,1991-09-22,Neaktivan,AB+,4
10136,2,Manuel,Đurđević,Satnik,1958-05-25,2002-10-05,Umirovljen,0-,4
10137,3,Nia,Jurić,Pozornik,1955-11-28,2004-01-27,Aktivan,A-,3
10138,3,Ksaver,Burić,Poručnik,1963-06-30,2016-05-26,Aktivan,A+,3
10139,2,Jerko,Mitrović,Razvodnik,1951-03-04,2012-02-22,Umirovljen,0-,4
10140,4,Jan,Božac,Bojnik,1962-09-18,2012-05-23,Pokojan,A+,4
10141,2,Severino,Božić,Bojnik,1952-01-25,2020-04-30,Aktivan,A-,4
10142,3,Lika,Kralj,Brigadir,1953-06-06,2004-09-14,Aktivan,B+,5
10143,1,Darko,Ivanković,Poručnik,1957-03-28,2004-05-28,Neaktivan,0-,3
10144,1,Jada,Dujmović,Skupnik,1961-05-17,1998-05-05,Neaktivan,AB+,2
10145,1,Aleksandra,Jozić,Poručnik,1952-12-14,2007-09-12,Neaktivan,B-,5
10146,4,Marcel,Kolarić,Satnik,1967-06-11,2002-01-19,Aktivan,AB-,5
10147,3,Romea,Marković,Bojnik,1965-12-15,2010-12-05,Umirovljen,0+,3
10148,1,Dunja,Kovačić,Skupnik,1961-07-09,1999-06-19,Aktivan,B+,4
10149,1,Sunčana,Dujmović,Bojnik,1970-02-09,2017-11-17,Umirovljen,AB+,2
10150,3,Divna,Galić,Brigadir,1959-03-20,2001-07-01,Aktivan,0+,5
10151,4,Mikaela,Blažević,Razvodnik,1965-01-07,1992-04-22,Mrtav,B-,1
10152,4,Natalija,Janković,Bojnik,1958-12-22,1993-04-29,Mrtav,A-,1
10153,1,Oskar,Perković,Bojnik,1952-03-11,2015-10-03,Umirovljen,0+,1
10154,2,Estela,Blažević,Narednik,1957-04-03,2003-12-23,Mrtav,A-,1
10155,2,Koraljka,Kovač,Brigadir,1966-06-04,2008-03-25,Mrtav,AB+,5
10156,3,Hai,Vidaković,Satnik,1969-10-16,2013-02-06,Neaktivan,0-,5
10157,2,Hada,Marić,Pozornik,1960-02-10,2018-10-20,Neaktivan,B+,5
10158,2,Alea,Jelić,Razvodnik,1965-12-21,2007-04-28,Umirovljen,A-,5
10159,2,Serena,Knežević,Pukovnik,1955-12-18,2017-12-08,Mrtav,0-,3
10160,2,Amaia,Rukavina,Pukovnik,1966-07-27,2010-05-29,Neaktivan,B-,1
10161,1,Ivano,Miletić,Bojnik,1953-06-28,2009-11-07,Umirovljen,B-,2
10162,3,Briela,Jakovljević,Skupnik,1965-08-31,1995-10-13,Umirovljen,B-,2
10163,3,Tristan,Đurić,Pukovnik,1958-01-16,1997-08-19,Aktivan,AB-,4
10164,1,Nikolina,Galić,Poručnik,1953-10-09,1990-07-05,Umirovljen,A+,5
10165,3,Rohan,Kovačić,Razvodnik,1966-04-11,1992-07-22,Aktivan,0+,5
10166,4,Liam,Šimunović,Pukovnik,1960-05-05,2008-12-22,Mrtav,0-,2
10167,2,Kaja,Brajković,Satnik,1966-10-16,1993-08-11,Umirovljen,AB-,5
10168,2,Vada,Kralj,Pozornik,1956-02-22,2018-05-20,Aktivan,AB+,4
10169,1,Sumka,Grgurić,Narednik,1951-11-04,2008-06-03,Umirovljen,B+,4
10170,4,Toni,Vuković,Razvodnik,1966-10-27,2016-12-26,Aktivan,AB+,1
10171,3,Loreta,Đurđević,Satnik,1958-03-01,2014-05-28,Mrtav,A+,4
10172,2,Martina,Knežević,Narednik,1967-02-21,2013-10-10,Mrtav,AB+,3
10173,1,Martina,Josipović,Razvodnik,1968-11-02,1999-06-30,Umirovljen,A+,1
10174,3,Klementina,Janković,Razvodnik,1962-04-13,1991-10-11,Umirovljen,A+,3
10175,3,Lile,Cindrić,Poručnik,1955-11-29,1990-06-28,Mrtav,0+,2
10176,2,Eliza,Vuković,Satnik,1966-02-01,2004-03-18,Umirovljen,B+,4
10177,4,Željkica,Vidović,Brigadir,1969-01-29,2016-05-16,Mrtav,0-,4
10178,3,Franko,Butković,Skupnik,1967-11-18,1993-04-01,Mrtav,0-,1
10179,2,Pepa,Nikolić,Brigadir,1970-07-01,2018-09-05,Neaktivan,0-,3
10180,3,Mauro,Knežević,Brigadir,1962-06-04,2013-07-31,Umirovljen,A-,3
10181,1,Salema,Blažević,Bojnik,1951-11-27,2009-12-09,Mrtav,A-,4
10182,1,Adam,Šimunović,Narednik,1960-03-07,2011-05-10,Mrtav,A+,3
10183,3,Leonida,Vidaković,Pukovnik,1956-04-22,2018-12-12,Neaktivan,A-,5
10184,3,Bara,Perković,Razvodnik,1958-03-11,2013-06-28,Aktivan,AB+,5
10185,2,Delila,Dragičević,Brigadir,1955-07-14,2013-11-11,Mrtav,AB-,4
10186,4,Davina,Perić,Pukovnik,1957-12-28,1996-03-11,Aktivan,0+,4
10187,2,Leonid,Marković,Pozornik,1952-11-16,2015-11-08,Aktivan,A-,2
10188,1,Siena,Božić,Satnik,1970-08-04,2020-12-07,Neaktivan,B+,1
10189,1,Anabela,Bašić,Pozornik,1966-05-18,2020-08-03,Mrtav,B-,5
10190,4,Bela,Varga,Brigadir,1960-12-16,1993-09-01,Aktivan,0-,2
10191,1,Amir,Božić,Poručnik,1965-09-08,2010-11-19,Mrtav,0+,5
10192,2,Đina,Perković,Brigadir,1953-08-25,1997-03-26,Aktivan,B+,1
10193,3,Rubi,Grgurić,Pukovnik,1954-02-16,2002-02-12,Mrtav,0+,3
10194,3,Daniel,Brajković,Satnik,1956-08-11,1997-09-30,Mrtav,AB+,3
10195,2,Karmela,Crnković,Pozornik,1958-10-14,1998-08-28,Mrtav,A+,1
10196,3,Filip,Pavlović,Satnik,1951-01-02,2003-04-10,Neaktivan,0-,2
10197,1,Kaila,Matković,Brigadir,1962-10-16,2000-04-18,Mrtav,B+,4
10198,4,Princa,Lukić,Brigadir,1966-04-23,2003-11-15,Umirovljen,A-,5
10199,2,Roberta,Grgić,Razvodnik,1954-01-31,1993-12-29,Neaktivan,B+,2
10200,1,Ediza,Mikulić,Brigadir,1964-09-11,2013-06-20,Umirovljen,B+,4
10201,1,Janko,Kovač,Bojnik,1968-11-20,2017-11-17,Mrtav,AB-,5
10202,4,Gema,Pavlović,Narednik,1969-01-24,1998-03-28,Aktivan,B+,2
10203,3,Filip,Vrdoljak,Brigadir,1962-12-20,2017-09-06,Mrtav,B-,5
10204,2,Iris,Vučković,Pukovnik,1967-04-12,2006-06-26,Neaktivan,B-,3
10205,4,Miranda,Crnković,Razvodnik,1952-11-10,2006-06-09,Mrtav,A-,3
10206,2,Paola,Petrović,Narednik,1969-05-02,1995-11-23,Umirovljen,B+,3
10207,4,Pavle,Mandić,Satnik,1967-12-17,2020-07-22,Neaktivan,A-,2
10208,2,Karolina,Šarić,Brigadir,1961-07-03,2005-01-15,Mrtav,AB-,1
10209,4,Marija,Kralj,Narednik,1951-12-10,1998-04-29,Mrtav,A-,2
10210,2,Levi,Filipović,Poručnik,1965-07-08,2003-06-06,Aktivan,0-,1
10211,2,Nikol,Mandić,Pukovnik,1968-02-27,1994-01-11,Mrtav,AB+,4
10212,3,Kai,Novosel,Poručnik,1969-06-17,2012-06-01,Umirovljen,AB+,1
10213,2,Eva,Bošnjak,Pukovnik,1961-11-02,2011-10-05,Umirovljen,0+,4
10214,2,Leonardo,Abramović,Poručnik,1951-09-25,2000-01-02,Mrtav,B-,1
10215,2,Tim,Knežević,Brigadir,1960-07-15,1998-01-16,Neaktivan,AB-,5
10216,2,Ela,Šimić,Brigadir,1967-08-21,1999-05-30,Neaktivan,A+,4
10217,4,Aleksandra,Jelić,Narednik,1961-06-04,1994-08-05,Aktivan,B-,3
10218,2,Tim,Živković,Pukovnik,1958-07-26,2009-10-20,Mrtav,A-,4
10219,3,Simon,Barišić,Satnik,1970-08-27,1992-04-27,Mrtav,AB+,1
10220,3,Ita,Janković,Poručnik,1956-12-02,2000-11-08,Aktivan,0-,1
10221,1,Armina,Marušić,Pukovnik,1951-11-25,2005-04-29,Aktivan,AB+,5
10222,3,Mara,Ružić,Pukovnik,1957-07-04,2005-10-15,Aktivan,0+,4
10223,4,Lada,Lončar,Brigadir,1957-12-07,2015-03-16,Umirovljen,B+,2
10224,2,Florenca,Novosel,Bojnik,1959-10-23,2000-12-10,Aktivan,0-,4
10225,2,Dalia,Perić,Brigadir,1969-02-09,2005-08-30,Mrtav,AB-,4
10226,4,Samara,Novaković,Narednik,1962-12-05,1990-06-12,Mrtav,B+,3
10227,1,Kiara,Šimunović,Pukovnik,1961-05-27,1994-10-27,Mrtav,A+,2
10228,3,Aziel,Tomić,Pozornik,1969-08-17,2001-02-19,Mrtav,B+,1
10229,3,Levi,Kolarić,Skupnik,1964-05-21,2012-05-09,Umirovljen,AB-,1
10230,1,Liam,Grgić,Poručnik,1963-04-14,2010-02-13,Mrtav,A-,3
10231,4,Luna,Marušić,Bojnik,1961-07-09,1997-12-19,Neaktivan,B+,3
10232,4,Marica,Horvat,Poručnik,1961-08-17,2019-03-01,Aktivan,A+,1
10233,2,Gvena,Vrdoljak,Pozornik,1950-02-24,1995-04-20,Umirovljen,AB+,1
10234,3,Ivo,Abramović,Skupnik,1968-01-06,2009-09-24,Mrtav,B+,3
10235,2,Oli,Vučković,Satnik,1965-12-13,2015-01-14,Aktivan,B+,3
10236,4,Alija,Marković,Brigadir,1970-09-18,2004-08-23,Aktivan,A-,4
10237,4,Mira,Ružić,Satnik,1952-01-07,2005-06-12,Neaktivan,A-,5
10238,1,Maca,Tomić,Skupnik,1960-04-09,2001-11-23,Umirovljen,0-,1
10239,4,Franjo,Lončar,Brigadir,1954-10-31,1991-09-28,Neaktivan,A-,4
10240,1,Ante,Pavlić,Pozornik,1966-01-19,2000-12-21,Mrtav,A-,1
10241,1,Loreta,Bošnjak,Pukovnik,1970-05-22,2011-03-23,Mrtav,AB-,3
10242,3,Amber,Sever,Poručnik,1968-08-06,2015-03-28,Umirovljen,A-,3
10243,1,Josipa,Pavlović,Brigadir,1953-11-15,2019-09-09,Neaktivan,AB+,3
10244,3,Dejan,Posavec,Poručnik,1968-04-08,2000-12-23,Neaktivan,B+,3
10245,3,Miroslava,Jakovljević,Narednik,1967-04-19,2017-09-28,Neaktivan,0+,5
10246,2,Srećko,Barišić,Razvodnik,1966-07-29,1994-01-28,Aktivan,B+,5
10247,1,Mio,Knežević,Pukovnik,1959-05-15,2005-12-10,Mrtav,0-,1
10248,1,Kina,Jukić,Skupnik,1955-01-03,1997-10-24,Mrtav,A-,1
10249,3,Zakarija,Živković,Satnik,1957-10-24,2015-01-19,Aktivan,0-,1
10250,2,Sanja,Grgić,Skupnik,1970-02-27,2004-11-16,Mrtav,AB+,2
10251,2,Oli,Crnković,Brigadir,1953-02-23,1995-10-17,Mrtav,B-,1
10252,2,Greta,Jukić,Pozornik,1952-02-10,2013-12-27,Neaktivan,B+,4
10253,1,Nataša,Novosel,Satnik,1957-08-20,2013-05-26,Mrtav,0-,1
10254,2,Tereza,Babić,Brigadir,1954-02-09,2007-12-11,Aktivan,A-,4
10255,3,Elora,Kolarić,Bojnik,1961-06-27,2006-06-22,Aktivan,B-,3
10256,2,Lejla,Tomić,Poručnik,1957-07-11,1993-05-28,Neaktivan,A-,2
10257,2,Romea,Marić,Pozornik,1956-04-25,1990-06-30,Neaktivan,A+,2
10258,4,Ane,Jozić,Pukovnik,1960-02-02,2008-10-20,Neaktivan,B-,3
10259,2,Simona,Crnković,Skupnik,1960-10-14,1999-03-04,Neaktivan,AB-,3
10260,3,Irena,Petrović,Skupnik,1956-09-22,2014-09-10,Umirovljen,AB+,3
10261,1,Marina,Jurić,Satnik,1950-05-11,2014-12-25,Mrtav,AB+,5
10262,4,Mirijam,Pavlović,Skupnik,1952-11-10,1994-08-12,Aktivan,A+,4
10263,3,Magda,Blažević,Razvodnik,1968-12-07,2008-12-22,Aktivan,B+,1
10264,4,Lovorka,Lončar,Satnik,1951-04-30,1998-01-11,Umirovljen,B-,1
10265,1,Jara,Tomić,Narednik,1961-10-27,2012-02-08,Aktivan,A+,3
10266,1,Disa,Ivanović,Satnik,1961-04-13,1999-11-21,Umirovljen,B+,5
10267,4,Simon,Mitrović,Narednik,1963-02-22,2017-01-10,Aktivan,B-,1
10268,2,Anastasija,Dragičević,Poručnik,1964-08-30,2013-08-10,Neaktivan,AB-,2
10269,1,Breta,Babić,Bojnik,1969-03-25,2016-01-29,Aktivan,0-,2
10270,4,Barbara,Jurković,Skupnik,1964-02-02,2008-06-28,Mrtav,A-,2
10271,3,Noela,Horvat,Bojnik,1951-08-12,2011-06-10,Mrtav,AB+,4
10272,1,Leandro,Miletić,Bojnik,1963-03-29,2014-07-25,Mrtav,B-,4
10273,1,Draženka,Barišić,Brigadir,1969-04-15,2010-02-28,Mrtav,A-,2
10274,3,Lora,Šarić,Skupnik,1957-05-12,2005-11-20,Umirovljen,A+,3
10275,4,Jakov,Bilić,Razvodnik,1965-10-25,1996-10-30,Mrtav,B+,2
10276,1,Monika,Šimunović,Pukovnik,1955-09-26,2005-01-02,Neaktivan,A+,2
10277,3,Azalea,Tomić,Razvodnik,1957-04-03,2018-06-15,Neaktivan,0+,4
10278,1,Ramona,Novaković,Narednik,1962-04-10,1992-04-09,Umirovljen,B+,4
10279,4,Romina,Krznarić,Poručnik,1955-02-18,1992-03-28,Mrtav,A+,4
10280,4,Rubika,Blažević,Narednik,1965-07-08,1998-10-20,Mrtav,0+,2
10281,1,Nova,Dujmović,Pozornik,1950-01-04,2017-04-11,Mrtav,AB+,1
10282,3,Darinka,Đurić,Bojnik,1964-08-16,2004-02-28,Mrtav,0+,5
10283,4,Nika,Pavlović,Poručnik,1969-07-13,2008-05-02,Aktivan,0+,5
10284,4,Lada,Grubišić,Satnik,1967-02-24,2018-11-27,Neaktivan,A-,3
10285,4,Nikolina,Pavić,Pukovnik,1968-12-28,2002-05-05,Aktivan,AB+,4
10286,4,Loreta,Cindrić,Satnik,1957-04-03,2020-11-24,Umirovljen,A-,5
10287,2,Žaklina,Vukelić,Poručnik,1968-11-02,1992-04-04,Neaktivan,AB+,2
10288,1,Mara,Filipović,Skupnik,1953-12-14,2015-08-19,Mrtav,A+,3
10289,2,Hrvojka,Jurčević,Pozornik,1959-02-26,2004-02-21,Neaktivan,B-,2
10290,4,Naja,Antunović,Pozornik,1961-08-10,2003-06-18,Umirovljen,0+,1
10291,3,Delila,Vukelić,Pukovnik,1968-08-05,2009-06-13,Mrtav,0+,5
10292,3,Eli,Mikulić,Narednik,1968-04-05,2013-02-22,Mrtav,B-,4
10293,3,David,Knežević,Skupnik,1959-08-07,2014-05-06,Mrtav,AB+,3
10294,1,Artemisa,Dragičević,Razvodnik,1960-02-13,1997-03-29,Aktivan,AB+,4
10295,3,Ante,Jukić,Bojnik,1950-03-28,2008-03-08,Mrtav,AB+,3
10296,2,Evica,Mandić,Pukovnik,1952-07-15,2015-06-15,Neaktivan,B+,3
10297,2,Edita,Petković,Razvodnik,1961-03-19,2015-06-27,Neaktivan,A-,5
10298,3,Janko,Posavec,Razvodnik,1952-07-24,1996-06-03,Neaktivan,A+,5
10299,1,Andrija,Vukelić,Skupnik,1969-06-30,1999-01-28,Neaktivan,A-,2
10300,1,Amaja,Mandić,Brigadir,1957-11-03,2006-02-20,Neaktivan,A-,3
10301,3,Bosiljka,Vučković,Brigadir,1951-12-31,2012-11-11,Umirovljen,AB+,2
10302,1,Benjamin,Stanić,Pukovnik,1964-02-28,2009-06-27,Mrtav,A-,3
10303,1,Gvena,Nikolić,Narednik,1950-11-17,2009-05-09,Aktivan,A-,5
10304,1,Leana,Lukić,Pozornik,1970-12-03,1994-10-15,Umirovljen,A+,5
10305,1,Naja,Vidaković,Razvodnik,1969-11-19,1992-10-30,Aktivan,A+,4
10306,3,Jura,Grgić,Narednik,1963-04-12,2005-07-15,Umirovljen,A-,5
10307,2,Evelin,Burić,Brigadir,1964-12-07,2008-03-22,Mrtav,B+,3
10308,3,Iko,Perković,Bojnik,1960-01-20,2008-11-18,Umirovljen,A-,1
10309,1,Desa,Jurišić,Pukovnik,1959-02-24,1990-02-09,Umirovljen,AB-,3
10310,2,Klarisa,Jurišić,Bojnik,1952-02-12,1996-08-15,Aktivan,0-,3
10311,2,Ben,Klarić,Narednik,1965-07-07,1990-07-09,Umirovljen,A-,4
10312,2,Tristan,Popović,Brigadir,1952-07-03,2017-10-18,Neaktivan,0+,2
10313,1,Kata,Mitrović,Satnik,1959-03-23,2015-10-28,Mrtav,0+,4
10314,2,Lobel,Perković,Pozornik,1964-07-03,1992-03-18,Neaktivan,B-,3
10315,1,Leonid,Martinović,Razvodnik,1951-02-22,2010-12-25,Aktivan,A+,2
10316,4,Bruna,Šimunović,Skupnik,1965-03-11,1995-01-29,Umirovljen,0+,5
10317,1,Ljerka,Crnković,Skupnik,1960-03-03,2015-07-15,Umirovljen,AB-,1
10318,4,Romina,Vrdoljak,Skupnik,1960-08-25,1991-04-08,Umirovljen,B-,4
10319,3,Adela,Josipović,Razvodnik,1957-12-22,2016-04-22,Neaktivan,AB+,4
10320,3,Lucijano,Petković,Satnik,1967-03-22,2012-07-05,Neaktivan,A-,4
10321,2,Kiana,Lučić,Narednik,1963-04-16,2013-12-24,Neaktivan,AB-,3
10322,2,Irena,Butković,Skupnik,1962-10-15,2010-04-11,Mrtav,A-,4
10323,3,Martea,Pavlović,Pozornik,1963-08-15,2018-09-14,Mrtav,B+,3
10324,2,Dajana,Knežević,Pukovnik,1952-04-04,2017-05-01,Mrtav,AB+,2
10325,4,Lav,Lončar,Pozornik,1956-07-21,2018-03-20,Aktivan,0+,5
10326,1,Siri,Kolarić,Pozornik,1961-09-01,2020-07-06,Umirovljen,B+,2
10327,4,Olga,Kolarić,Narednik,1967-06-18,1999-06-27,Umirovljen,0+,5
10328,3,Denisa,Mikulić,Poručnik,1961-03-12,2000-02-04,Neaktivan,A+,4
10329,2,Lucijano,Vukelić,Narednik,1967-05-07,2003-12-25,Aktivan,A+,4
10330,2,Rivka,Kovačić,Pozornik,1966-05-15,2004-12-01,Mrtav,0-,2
10331,1,Madison,Petković,Razvodnik,1959-07-05,2006-05-13,Aktivan,B-,2
10332,1,Aida,Bilić,Pozornik,1961-05-08,2013-08-10,Mrtav,0+,2
10333,2,Julijan,Jurić,Poručnik,1954-09-25,1991-11-11,Aktivan,0+,1
10334,4,Florenca,Klarić,Razvodnik,1950-04-26,2003-06-25,Mrtav,B-,1
10335,2,Ada,Grgurić,Razvodnik,1956-12-15,2018-02-20,Umirovljen,B+,2
10336,2,Greta,Bilić,Poručnik,1964-01-14,1991-08-31,Mrtav,AB+,3
10337,3,Alea,Barišić,Poručnik,1959-10-29,2017-06-26,Umirovljen,B+,4
10338,1,Kina,Kralj,Skupnik,1963-02-02,1992-05-20,Mrtav,0-,3
10339,1,Jolena,Novaković,Bojnik,1957-01-01,2000-01-20,Aktivan,A-,4
10340,4,Margareta,Radić,Poručnik,1960-01-03,2005-12-22,Aktivan,0+,4
10341,3,Natalija,Šimunović,Pozornik,1956-05-11,1999-03-23,Aktivan,A+,3
10342,1,Katja,Grgurić,Narednik,1955-11-10,2008-01-11,Aktivan,B-,1
10343,3,Slađana,Kovačević,Razvodnik,1964-02-24,1992-12-01,Umirovljen,0-,2
10344,1,Leksi,Janković,Brigadir,1962-03-18,1996-12-27,Neaktivan,0+,2
10345,2,Pavel,Popović,Narednik,1956-06-16,2016-10-13,Aktivan,A+,2
10346,2,Vigo,Božić,Brigadir,1951-04-10,2020-03-06,Umirovljen,A-,4
10347,3,Elanija,Kralj,Skupnik,1958-12-29,2013-04-18,Mrtav,AB+,1
10348,3,Lidija,Matić,Narednik,1968-12-25,1995-06-02,Mrtav,AB+,2
10349,1,Etna,Barišić,Poručnik,1951-10-12,2007-08-20,Aktivan,A-,4
10350,1,Filipa,Pavlić,Pozornik,1956-08-06,2017-01-09,Aktivan,B+,4
10351,4,Tončica,Dragičević,Brigadir,1969-11-21,2010-04-28,Mrtav,0+,4
10352,1,Ljudevit,Crnković,Bojnik,1968-03-08,1998-02-28,Aktivan,B+,1
10353,4,Andrija,Vukelić,Satnik,1961-03-26,2011-05-29,Mrtav,A-,3
10354,4,Romea,Šimunić,Pozornik,1954-08-22,1994-04-25,Mrtav,B-,1
10355,2,Slaven,Đurić,Brigadir,1969-10-26,2017-05-29,Neaktivan,AB+,1
10356,4,Agata,Filipović,Skupnik,1954-03-11,1991-06-29,Mrtav,B-,4
10357,4,Rea,Kralj,Skupnik,1970-08-02,2000-01-20,Aktivan,A-,4
10358,3,Daniel,Đurić,Skupnik,1952-02-18,1993-07-26,Aktivan,A+,3
10359,2,Matej,Burić,Poručnik,1954-03-18,1998-12-03,Mrtav,AB+,3
10360,2,Željkica,Abramović,Poručnik,1968-02-10,2000-06-30,Mrtav,A-,3
10361,3,Beata,Novak,Brigadir,1957-09-23,1991-06-13,Umirovljen,AB+,2
10362,1,Elora,Jurković,Narednik,1969-06-18,1998-09-24,Mrtav,AB+,3
10363,1,Koa,Matković,Bojnik,1951-01-04,2009-01-02,Mrtav,AB+,3
10364,3,Parka,Šarić,Bojnik,1967-10-23,2016-07-18,Neaktivan,0+,1
10365,3,Judita,Burić,Pukovnik,1952-04-25,1992-06-12,Mrtav,0+,3
10366,2,Ofelia,Horvat,Poručnik,1961-03-18,2005-03-13,Aktivan,AB+,3
10367,1,Noel,Blažević,Skupnik,1959-02-28,2002-08-06,Umirovljen,A-,2
10368,3,Malija,Miletić,Bojnik,1967-08-12,2006-07-29,Aktivan,AB+,2
10369,1,Igor,Lovrić,Pozornik,1957-06-15,2000-07-13,Neaktivan,AB-,2
10370,4,Sofija,Bošnjak,Bojnik,1954-06-03,2019-07-10,Neaktivan,A-,1
10371,1,Alesia,Burić,Brigadir,1969-06-20,2011-05-26,Mrtav,A+,4
10372,2,Saša,Antunović,Satnik,1961-11-14,2009-10-07,Neaktivan,B-,5
10373,4,Igor,Jurčević,Bojnik,1966-06-04,2004-07-10,Mrtav,AB+,4
10374,2,Lili,Golubić,Razvodnik,1950-01-15,2002-05-12,Mrtav,AB-,5
10375,2,Filip,Kovač,Razvodnik,1959-07-15,2002-07-09,Neaktivan,AB+,1
10376,3,Cecilija,Babić,Pozornik,1958-08-11,1999-12-06,Umirovljen,A-,5
10377,3,Pavao,Đurić,Brigadir,1963-04-05,2011-03-19,Aktivan,A+,1
10378,3,Elizabeta,Babić,Pozornik,1955-04-27,2009-02-28,Umirovljen,0+,1
10379,3,Paisa,Klarić,Pukovnik,1965-05-24,2004-03-26,Aktivan,AB+,4
10380,3,Ema,Vučković,Satnik,1955-08-06,2000-11-28,Neaktivan,B-,5
10381,3,Zoja,Brajković,Pozornik,1955-07-10,2012-06-28,Aktivan,AB+,2
10382,1,Melkiot,Šarić,Brigadir,1951-01-20,2017-08-06,Mrtav,B-,3
10383,1,Rina,Vukelić,Razvodnik,1962-12-14,2015-04-21,Mrtav,0-,5
10384,4,Roberta,Matković,Poručnik,1967-01-03,2000-10-25,Mrtav,A+,4
10385,2,Gloria,Šimunović,Bojnik,1963-02-20,2001-01-18,Mrtav,AB-,2
10386,4,Elivija,Mitrović,Skupnik,1956-11-08,2011-02-18,Aktivan,A+,5
10387,2,Bela,Janković,Pozornik,1961-07-28,2016-07-12,Umirovljen,A-,3
10388,3,Šimun,Burić,Razvodnik,1951-07-01,2014-12-11,Aktivan,A-,1
10389,3,Izak,Marković,Skupnik,1960-04-20,2011-03-18,Umirovljen,0+,1
10390,1,Princa,Vukelić,Bojnik,1958-10-31,2010-05-15,Neaktivan,A+,5
10391,1,Lukas,Vučković,Bojnik,1969-03-09,2007-04-01,Mrtav,AB-,3
10392,1,Stjepan,Barišić,Brigadir,1954-02-06,1995-06-30,Mrtav,AB+,1
10393,2,Valerija,Petrović,Skupnik,1965-07-17,2016-01-14,Mrtav,0-,1
10394,2,Marcel,Novosel,Narednik,1965-03-06,2000-10-12,Neaktivan,0+,4
10395,4,Lora,Šimunić,Brigadir,1967-06-15,2009-03-29,Aktivan,0+,1
10396,2,Samuel,Posavec,Narednik,1967-05-21,2012-01-19,Aktivan,A+,1
10397,2,Lea,Šarić,Pozornik,1955-03-26,2005-04-03,Mrtav,A+,4
10398,3,Michelle,Lončar,Razvodnik,1966-09-26,2019-02-26,Neaktivan,A+,2
10399,1,Antonija,Kovačić,Skupnik,1965-10-18,2000-01-14,Aktivan,AB+,3
10400,2,Mirna,Vidović,Satnik,1953-05-11,1992-07-07,Mrtav,A+,4
10401,3,Ivano,Matijević,Bojnik,1965-01-24,2012-12-23,Aktivan,AB-,2
10402,4,Dragutin,Đurđević,Brigadir,1954-06-10,2015-12-30,Aktivan,B-,1
10403,4,Klementina,Martinović,Poručnik,1950-01-23,2001-12-05,Mrtav,A+,4
10404,1,Nevena,Vidaković,Pozornik,1964-08-14,2019-01-06,Aktivan,0+,3
10405,4,Josipa,Perić,Bojnik,1957-08-04,2018-02-08,Mrtav,0-,5
10406,2,Lilia,Jurišić,Pukovnik,1959-01-22,1993-01-22,Aktivan,0+,5
10407,1,Madison,Jakovljević,Narednik,1965-12-15,2005-06-19,Aktivan,B-,5
10408,2,Valentin,Radić,Bojnik,1970-11-25,2006-05-17,Aktivan,A+,4
10409,1,David,Sever,Satnik,1953-09-18,1998-08-10,Aktivan,0+,1
10410,1,Lea,Vrdoljak,Skupnik,1953-06-11,1994-08-29,Neaktivan,A+,1
10411,4,Olja,Novosel,Brigadir,1956-04-30,2009-09-05,Umirovljen,AB+,1
10412,1,Zola,Babić,Bojnik,1959-05-27,2014-05-29,Aktivan,A+,2
10413,1,Siena,Josipović,Poručnik,1960-08-09,1992-09-13,Umirovljen,A-,3
10414,1,Emil,Novaković,Bojnik,1958-07-28,2003-08-11,Umirovljen,A+,3
10415,3,Savana,Lončar,Skupnik,1963-05-19,1997-07-11,Neaktivan,0+,3
10416,3,Ramona,Vidaković,Satnik,1963-08-05,2018-02-04,Mrtav,B-,2
10417,2,Krista,Butković,Poručnik,1963-08-02,2008-11-25,Umirovljen,0-,5
10418,4,Goranka,Blažević,Pozornik,1953-09-05,1991-01-26,Neaktivan,0+,3
10419,2,Krešimir,Đurić,Pukovnik,1965-07-12,2003-01-02,Mrtav,B+,4
10420,1,Jura,Butković,Poručnik,1954-01-14,2002-05-03,Umirovljen,AB-,1
10421,4,Dora,Grgić,Razvodnik,1951-07-01,2008-01-25,Neaktivan,AB-,1
10422,2,Mara,Bošnjak,Narednik,1953-02-07,2018-08-02,Umirovljen,AB-,1
10423,3,Rubika,Knežević,Pukovnik,1961-10-24,2015-12-22,Neaktivan,AB-,3
10424,3,Dora,Mitrović,Skupnik,1959-03-30,1991-10-08,Umirovljen,0-,2
10425,3,Lora,Antunović,Brigadir,1961-12-12,2003-02-23,Umirovljen,AB+,3
10426,3,Marlin,Pavlić,Skupnik,1970-04-15,1998-12-03,Umirovljen,A-,5
10427,3,Karina,Janković,Pukovnik,1951-09-04,1999-05-08,Mrtav,A+,4
10428,4,Arav,Božić,Bojnik,1954-01-13,2013-12-11,Aktivan,A-,5
10429,2,Mateo,Bilić,Razvodnik,1958-10-18,2007-03-04,Neaktivan,B-,5
10430,4,Aurelia,Blažević,Narednik,1961-04-30,2018-01-07,Mrtav,AB-,5
10431,4,Kendra,Ivanović,Pozornik,1951-08-29,1997-01-01,Umirovljen,A+,5
10432,3,Andrija,Antunović,Brigadir,1968-12-11,2010-02-28,Umirovljen,A-,4
10433,2,Chaja,Mikulić,Brigadir,1969-11-07,2000-08-12,Umirovljen,A-,3
10434,3,Dunja,Cindrić,Pukovnik,1952-06-07,2007-03-14,Mrtav,0-,2
10435,3,Dorotej,Ivanković,Skupnik,1963-04-06,2001-06-23,Mrtav,0-,1
10436,3,Adela,Ružić,Pukovnik,1959-03-15,2003-10-13,Mrtav,B-,4
10437,2,Sara,Miletić,Poručnik,1963-05-15,2012-12-12,Mrtav,0-,4
10438,4,Eta,Radić,Satnik,1964-11-30,2001-06-10,Umirovljen,A+,2
10439,2,Eli,Ivanović,Pozornik,1964-12-09,1996-07-02,Neaktivan,B+,3
10440,2,Dina,Vidaković,Pozornik,1954-11-26,2000-11-25,Mrtav,AB-,2
10441,4,Karolina,Jozić,Skupnik,1957-02-15,2003-03-27,Neaktivan,0-,5
10442,2,Patrik,Grgić,Poručnik,1958-02-01,2017-12-26,Mrtav,B+,4
10443,1,Ljerka,Jurković,Skupnik,1953-07-29,2008-09-11,Umirovljen,AB+,5
10444,4,Marcel,Posavec,Brigadir,1959-07-23,1999-11-18,Mrtav,AB-,1
10445,1,Lucija,Kralj,Bojnik,1967-08-23,2010-12-14,Mrtav,A-,2
10446,1,Ivan,Šimunić,Bojnik,1962-11-03,2001-06-23,Umirovljen,0+,1
10447,2,Franciska,Nikolić,Pukovnik,1962-08-03,1995-04-19,Aktivan,B-,5
10448,2,Rajna,Božić,Bojnik,1963-05-18,2010-09-03,Umirovljen,AB+,4
10449,4,Mada,Marić,Bojnik,1970-07-17,2005-01-27,Neaktivan,A+,3
10450,2,Eva,Jovanović,Satnik,1950-09-07,1993-10-16,Aktivan,0-,2
10451,2,Ela,Burić,Skupnik,1969-06-05,2000-07-16,Umirovljen,A-,3
10452,1,Naja,Filipović,Pozornik,1965-12-10,2009-08-21,Mrtav,0+,2
10453,2,Paisa,Mikulić,Narednik,1960-04-29,2019-01-20,Aktivan,0-,3
10454,4,Tia,Rukavina,Narednik,1952-10-01,2003-06-19,Umirovljen,0+,2
10455,3,Toni,Blažević,Pozornik,1969-05-07,2008-09-30,Mrtav,0+,4
10456,3,Tiana,Golubić,Pukovnik,1956-01-18,2018-07-09,Neaktivan,0+,2
10457,3,Juda,Ružić,Skupnik,1963-03-25,2014-02-28,Aktivan,0-,1
10458,2,Ezra,Rukavina,Bojnik,1970-03-03,1992-03-07,Aktivan,B+,1
10459,4,Lucijano,Jovanović,Skupnik,1968-04-11,2009-11-21,Mrtav,AB-,1
10460,3,Karlo,Marjanović,Razvodnik,1960-10-24,2015-11-24,Umirovljen,0-,1
10461,1,Viktor,Vučković,Pozornik,1961-06-27,1990-05-24,Aktivan,AB+,5
10462,4,Anabela,Lončarić,Satnik,1960-08-16,2011-10-21,Neaktivan,AB+,1
10463,3,Magdalena,Marušić,Pozornik,1965-09-15,1995-06-22,Umirovljen,A-,5
10464,1,Hara,Lovrić,Pukovnik,1958-06-11,2015-08-24,Aktivan,0+,1
10465,4,Gabrijel,Mikulić,Razvodnik,1951-06-09,1990-11-21,Aktivan,AB+,5
10466,3,Moli,Novosel,Narednik,1969-11-04,1991-02-20,Mrtav,0+,2
10467,3,Izak,Tomić,Bojnik,1962-08-08,1996-07-29,Umirovljen,AB-,3
10468,1,Ćiril,Mitrović,Narednik,1964-07-18,2015-12-27,Umirovljen,A+,1
10469,1,Aden,Horvat,Narednik,1958-05-09,1990-03-28,Aktivan,0+,4
10470,2,Briela,Mikulić,Bojnik,1958-03-08,2015-03-20,Aktivan,AB-,2
10471,3,Eliana,Crnković,Poručnik,1953-02-14,1999-10-04,Neaktivan,B-,4
10472,3,Duje,Marković,Brigadir,1966-11-19,1994-02-03,Aktivan,A+,5
10473,2,Desa,Jukić,Pozornik,1956-05-05,2015-02-11,Neaktivan,A+,2
10474,4,Stjepan,Katić,Brigadir,1954-03-11,2014-12-18,Aktivan,0+,2
10475,2,Hrvojka,Grubišić,Pukovnik,1967-08-21,1992-07-07,Neaktivan,AB+,2
10476,2,Janko,Posavec,Razvodnik,1952-04-13,2020-02-12,Umirovljen,A+,4
10477,3,Krsto,Šimunović,Narednik,1961-10-13,1992-02-18,Umirovljen,B-,1
10478,1,Marcela,Kovačić,Razvodnik,1956-07-10,1998-09-24,Aktivan,AB+,4
10479,4,Elana,Herceg,Pozornik,1956-07-24,1990-02-05,Neaktivan,B-,2
10480,4,Jan,Bašić,Brigadir,1955-10-12,1999-04-27,Mrtav,AB+,1
10481,3,Roman,Ivančić,Skupnik,1966-10-13,2014-06-16,Neaktivan,0+,5
10482,2,Nikolina,Krznarić,Satnik,1967-06-12,2009-03-26,Aktivan,0-,3
10483,1,Ozren,Posavec,Poručnik,1962-02-21,2014-01-23,Neaktivan,0+,4
10484,3,Nina,Jovanović,Poručnik,1955-05-28,2008-11-15,Aktivan,A+,2
10485,2,Lejla,Lovrić,Brigadir,1957-09-22,2018-04-10,Aktivan,A+,5
10486,4,Paisa,Martinović,Poručnik,1964-10-08,2001-06-05,Mrtav,AB-,3
10487,2,Slavica,Ivančić,Bojnik,1963-02-06,2011-03-05,Neaktivan,A+,5
10488,1,Matilda,Abramović,Pukovnik,1959-09-15,2005-09-01,Mrtav,B-,5
10489,4,Mislav,Matić,Poručnik,1957-02-07,2019-12-16,Mrtav,B-,4
10490,3,Mihael,Galić,Poručnik,1955-12-19,2017-12-20,Neaktivan,0-,1
10491,4,Julijana,Perić,Razvodnik,1960-05-08,1995-01-23,Umirovljen,0+,5
10492,3,Ilijana,Petrović,Pukovnik,1961-06-27,2015-04-08,Mrtav,B+,4
10493,2,Olga,Petković,Brigadir,1951-06-02,2004-06-01,Aktivan,A+,5
10494,2,Evona,Burić,Skupnik,1959-04-09,1994-03-17,Aktivan,AB-,1
10495,2,Estela,Posavec,Pozornik,1959-06-22,1992-09-29,Mrtav,B-,2
10496,1,Rea,Golubić,Narednik,1955-04-29,1990-07-21,Umirovljen,0-,1
10497,3,Olga,Blažević,Brigadir,1959-06-28,1991-07-11,Neaktivan,AB-,5
10498,1,Kila,Pavlić,Pukovnik,1959-11-27,2011-08-16,Aktivan,B+,5
10499,2,Bruno,Mitrović,Pozornik,1962-02-15,2011-08-21,Umirovljen,0+,1
10500,3,Edita,Jurčević,Brigadir,1953-11-03,2011-02-28,Aktivan,AB-,3
10501,4,Anatea,Josipović,Bojnik,1966-12-17,1991-05-31,Neaktivan,B-,1
10502,4,Branimir,Lovrić,Poručnik,1959-11-10,2001-04-05,Umirovljen,B-,4
10503,3,Denis,Marušić,Narednik,1965-11-16,2014-11-05,Umirovljen,0-,3
10504,2,Neda,Grubišić,Brigadir,1965-11-27,2004-02-05,Aktivan,AB-,4
10505,3,Melani,Josipović,Pukovnik,1960-01-20,2013-05-30,Aktivan,A-,4
10506,1,Boris,Matijević,Satnik,1963-07-12,2008-11-06,Aktivan,A-,1
10507,4,Stefanija,Dragičević,Poručnik,1952-10-14,2012-11-22,Umirovljen,AB-,5
10508,3,Eva,Galić,Razvodnik,1966-10-27,2020-09-27,Neaktivan,0-,3
10509,3,Hara,Jozić,Skupnik,1967-11-02,1994-02-11,Neaktivan,AB+,2
10510,1,Kristina,Jurčević,Satnik,1951-09-18,2010-06-24,Aktivan,A-,5
10511,2,Gabrijel,Lončarić,Bojnik,1958-12-05,2002-04-14,Umirovljen,B-,3
10512,4,Donat,Horvat,Skupnik,1952-04-08,2013-04-21,Aktivan,0+,4
10513,1,Talia,Antunović,Pukovnik,1965-01-14,1993-06-25,Umirovljen,B-,5
10514,2,Dante,Ćosić,Satnik,1954-11-23,2005-12-19,Aktivan,A-,4
10515,1,Lorena,Jurišić,Poručnik,1965-04-06,2001-03-21,Mrtav,B+,5
10516,2,Siera,Babić,Satnik,1960-10-13,1992-05-31,Umirovljen,AB+,5
10517,4,Ivan,Kovačević,Poručnik,1965-02-17,1990-08-05,Neaktivan,0-,5
10518,3,Dejan,Filipović,Satnik,1961-05-13,1999-09-28,Mrtav,AB-,3
10519,1,Karina,Burić,Poručnik,1958-03-25,2012-09-12,Neaktivan,A-,4
10520,2,Adriana,Babić,Brigadir,1962-12-27,1996-09-21,Umirovljen,0-,1
10521,2,Ermina,Bošnjak,Bojnik,1963-03-25,2003-08-10,Mrtav,0+,2
10522,4,Maris,Brajković,Narednik,1958-10-12,2005-02-12,Aktivan,A+,2
10523,2,Aleksandra,Horvat,Pozornik,1968-03-08,2000-03-22,Umirovljen,AB-,1
10524,3,Aurora,Vuković,Brigadir,1969-02-09,2007-09-13,Umirovljen,B-,1
10525,4,Filip,Abramović,Pozornik,1966-06-28,2007-12-11,Aktivan,0-,4
10526,1,Žak,Kovačić,Pozornik,1958-05-27,2019-12-20,Mrtav,AB+,4
10527,2,Khalesi,Nikolić,Brigadir,1957-02-16,1995-12-03,Aktivan,0-,3
10528,4,Maksima,Jurić,Satnik,1959-02-01,2019-07-21,Mrtav,A+,4
10529,3,Lobel,Marić,Pukovnik,1965-09-22,2002-11-17,Neaktivan,0+,4
10530,1,Maksima,Dujmović,Poručnik,1956-01-07,2020-12-16,Neaktivan,A-,2
10531,3,Maksim,Martinović,Razvodnik,1956-10-14,2012-05-01,Umirovljen,AB+,2
10532,2,Adonis,Novak,Poručnik,1964-04-22,1999-04-29,Aktivan,B-,2
10533,3,Esmeralda,Vidović,Pozornik,1960-10-03,2012-06-08,Aktivan,0-,5
10534,3,Zakarija,Jurić,Satnik,1965-06-25,2000-09-28,Mrtav,AB-,2
10535,1,Lika,Petković,Skupnik,1955-01-03,2000-10-06,Aktivan,AB-,3
10536,3,Zarija,Lovrić,Poručnik,1962-11-30,1991-11-07,Mrtav,AB+,4
10537,4,Valentina,Tomić,Razvodnik,1954-03-04,2005-12-18,Mrtav,0+,5
10538,3,Dmitar,Vidović,Poručnik,1962-11-30,2006-04-14,Umirovljen,0+,1
10539,4,Roman,Martinović,Bojnik,1970-06-07,2006-05-16,Umirovljen,B+,1
10540,1,Aleksa,Pavić,Pozornik,1958-06-28,1996-07-15,Umirovljen,B+,5
10541,4,Severina,Šimunić,Pozornik,1960-09-07,1997-02-18,Aktivan,B-,2
10542,2,Aziel,Šarić,Brigadir,1970-12-14,2007-02-28,Umirovljen,B+,3
10543,4,Marisol,Popović,Razvodnik,1950-09-16,2015-02-05,Aktivan,AB+,5
10544,1,Aria,Katić,Razvodnik,1956-06-26,2000-07-18,Umirovljen,AB+,3
10545,4,Zoe,Šarić,Skupnik,1968-09-28,1995-09-14,Neaktivan,B-,1
10546,2,Sandi,Blažević,Bojnik,1950-03-21,1999-06-09,Mrtav,A-,4
10547,4,Magda,Bošnjak,Satnik,1951-11-10,2008-01-23,Umirovljen,0+,5
10548,1,Šime,Bošnjak,Poručnik,1959-12-14,1997-03-17,Mrtav,AB-,3
10549,1,Rajna,Šimić,Pukovnik,1962-07-21,1997-07-23,Mrtav,AB+,5
10550,1,Marina,Matijević,Narednik,1951-10-29,2003-01-30,Neaktivan,0+,3
10551,4,Ognjen,Šimunović,Pukovnik,1960-03-30,1990-05-06,Neaktivan,A+,3
10552,2,Adelina,Pavić,Razvodnik,1957-11-12,2000-03-08,Aktivan,B+,3
10553,2,Franka,Marić,Skupnik,1969-03-15,2000-10-10,Aktivan,A-,4
10554,3,Jakov,Vuković,Razvodnik,1964-11-18,2016-07-04,Umirovljen,0+,2
10555,1,Kila,Posavec,Narednik,1960-02-26,2013-01-24,Neaktivan,B-,1
10556,4,Budimir,Mitrović,Narednik,1969-10-10,2018-03-01,Umirovljen,0-,4
10557,3,Mariam,Jurčević,Pozornik,1950-02-09,2013-04-29,Neaktivan,AB+,2
10558,3,Iko,Burić,Skupnik,1952-11-16,2012-09-05,Aktivan,0-,5
10559,2,Eme,Jelić,Pukovnik,1961-09-29,2008-03-11,Neaktivan,B+,2
10560,2,Šime,Babić,Poručnik,1962-06-21,2012-12-25,Neaktivan,B-,1
10561,2,Paisa,Ivanović,Bojnik,1962-09-21,2012-12-28,Umirovljen,B+,1
10562,1,Adrian,Filipović,Razvodnik,1969-07-31,2018-01-20,Mrtav,0-,4
10563,2,Mikaela,Posavec,Bojnik,1961-07-28,1995-10-01,Mrtav,A+,2
10564,1,Violeta,Klarić,Skupnik,1969-12-24,2005-10-06,Mrtav,A+,5
10565,2,Vincent,Jurić,Razvodnik,1961-06-18,2019-03-26,Aktivan,A-,3
10566,2,Natan,Petrović,Poručnik,1951-02-20,2018-10-06,Neaktivan,A+,5
10567,1,Kamari,Bašić,Pukovnik,1965-11-21,2011-05-23,Neaktivan,AB-,4
10568,2,Milena,Golubić,Satnik,1966-09-26,2004-01-31,Aktivan,0+,1
10569,3,Franciska,Perković,Razvodnik,1954-10-04,2008-03-24,Neaktivan,B+,1
10570,3,Viktoria,Šimunić,Pozornik,1956-09-17,2011-04-26,Umirovljen,B-,1
10571,2,Valentino,Jakovljević,Bojnik,1959-01-13,2014-11-27,Umirovljen,0+,3
10572,3,Pavao,Lončar,Skupnik,1970-04-20,1998-11-28,Umirovljen,AB+,5
10573,4,Ferdinand,Popović,Bojnik,1966-03-31,2019-08-21,Neaktivan,B-,1
10574,4,Princa,Lučić,Skupnik,1956-11-30,2009-07-16,Aktivan,AB+,1
10575,4,Bonie,Vuković,Poručnik,1958-06-16,2001-07-26,Neaktivan,B-,3
10576,2,Paisa,Brkić,Bojnik,1950-02-13,2016-06-02,Mrtav,0-,2
10577,2,Borisa,Golubić,Pukovnik,1960-11-27,1995-05-29,Umirovljen,A-,5
10578,3,Samira,Jurčević,Pozornik,1957-03-28,1992-04-02,Aktivan,A-,4
10579,3,Krista,Jakovljević,Pukovnik,1970-11-17,1991-01-16,Mrtav,0-,2
10580,1,Fiona,Živković,Satnik,1958-02-05,1997-12-25,Mrtav,B+,1
10581,3,Ita,Perić,Razvodnik,1953-02-20,2007-03-21,Aktivan,AB+,5
10582,1,Janko,Novaković,Pukovnik,1957-07-04,1995-02-28,Neaktivan,B+,4
10583,4,Tomislav,Dragičević,Narednik,1964-12-17,1992-03-10,Aktivan,0+,4
10584,3,Princa,Varga,Bojnik,1970-09-05,1997-03-26,Aktivan,AB-,4
10585,2,Denisa,Nikolić,Brigadir,1958-01-12,2002-03-19,Neaktivan,B+,2
10586,3,Kain,Pavić,Brigadir,1963-03-20,2016-02-02,Neaktivan,AB-,3
10587,3,Ivo,Bašić,Narednik,1950-10-07,2003-03-29,Mrtav,A-,3
10588,2,Dora,Bilić,Pozornik,1963-12-19,2005-11-07,Neaktivan,0+,1
10589,3,Petra,Lučić,Narednik,1957-06-06,2010-08-26,Umirovljen,B+,5
10590,4,Eli,Burić,Razvodnik,1952-09-26,2011-11-18,Umirovljen,A+,3
10591,2,Martin,Ivanković,Pukovnik,1959-03-30,2001-12-01,Mrtav,AB+,5
10592,2,Klo,Brajković,Razvodnik,1959-07-29,1994-11-08,Neaktivan,0+,2
10593,4,Benjamin,Crnković,Narednik,1955-09-21,2007-08-28,Neaktivan,0+,4
10594,3,Leonardo,Matković,Brigadir,1957-07-02,1995-03-23,Mrtav,0-,4
10595,3,Rita,Posavec,Brigadir,1967-09-30,2018-05-16,Neaktivan,B-,4
10596,1,Krešimir,Babić,Skupnik,1957-06-02,2003-03-30,Mrtav,AB-,5
10597,4,Franka,Šimić,Skupnik,1962-06-02,1994-05-31,Neaktivan,A+,3
10598,2,Tihana,Jozić,Pukovnik,1968-06-26,1990-01-18,Neaktivan,A+,1
10599,3,Nadia,Miletić,Narednik,1965-02-15,2016-09-23,Umirovljen,AB-,5
10600,1,Vita,Filipović,Bojnik,1964-06-07,1999-12-18,Neaktivan,B+,3
10601,4,Ada,Dragičević,Razvodnik,1950-01-26,2006-02-15,Mrtav,A+,4
10602,2,Korina,Mitrović,Razvodnik,1955-07-08,2014-11-21,Umirovljen,B+,3
10603,1,Marjan,Pavlović,Satnik,1956-05-25,2016-07-27,Aktivan,B+,4
10604,1,Leandro,Šimunović,Bojnik,1970-06-01,1997-12-16,Aktivan,A-,2
10605,3,Tiago,Đurđević,Poručnik,1953-10-26,1999-02-25,Umirovljen,A-,3
10606,1,Khalesi,Sever,Bojnik,1958-01-04,1996-02-17,Aktivan,0-,2
10607,3,Miroslava,Jurčević,Skupnik,1968-07-12,2004-02-03,Aktivan,AB+,5
10608,3,Aleksandra,Grubišić,Razvodnik,1964-05-24,2011-07-11,Mrtav,B+,4
10609,1,Dani,Dujmović,Narednik,1951-04-05,2008-08-04,Neaktivan,AB-,5
10610,3,Elana,Tomić,Razvodnik,1950-01-13,2018-11-06,Neaktivan,0-,1
10611,1,Nia,Ivanović,Pukovnik,1967-07-09,2013-10-01,Umirovljen,AB-,5
10612,4,Marcela,Šimunović,Narednik,1958-07-10,1992-09-01,Mrtav,0+,2
10613,1,Aron,Vidaković,Satnik,1960-06-10,2012-11-11,Mrtav,AB+,1
10614,1,Simon,Martinović,Bojnik,1963-03-05,2013-03-14,Mrtav,A+,2
10615,4,Rina,Mandić,Razvodnik,1961-10-04,2012-04-20,Aktivan,B+,5
10616,2,Ivo,Miletić,Narednik,1963-09-26,2004-06-12,Neaktivan,B-,3
10617,2,Iris,Marjanović,Satnik,1967-03-13,2003-01-15,Aktivan,0-,1
10618,2,Goga,Perković,Satnik,1968-01-28,2006-03-23,Mrtav,B-,3
10619,4,Lilia,Živković,Narednik,1963-12-24,2001-05-24,Mrtav,0+,5
10620,4,Ada,Grgić,Poručnik,1956-12-29,1992-02-18,Neaktivan,A+,5
10621,3,Augustin,Barišić,Narednik,1959-04-22,2005-09-30,Aktivan,AB+,5
10622,3,Mariam,Kovač,Pukovnik,1963-05-28,2006-03-20,Neaktivan,A-,4
10623,3,Sandi,Šimunović,Bojnik,1952-01-21,1995-01-15,Mrtav,AB+,1
10624,3,Elena,Filipović,Pukovnik,1964-05-18,2020-02-19,Mrtav,AB+,4
10625,3,Aria,Šimunić,Razvodnik,1950-03-30,2014-10-11,Umirovljen,AB-,5
10626,1,Boris,Josipović,Bojnik,1950-11-19,2005-06-05,Mrtav,AB+,3
10627,1,Moreno,Vučković,Pukovnik,1968-09-25,2005-04-22,Mrtav,AB+,4
10628,4,Remi,Marić,Brigadir,1965-09-02,1994-08-31,Mrtav,B+,1
10629,3,Marlin,Marić,Poručnik,1965-08-05,2019-10-22,Mrtav,A-,4
10630,2,Nova,Mitrović,Razvodnik,1970-10-08,2011-06-24,Umirovljen,AB+,4
10631,1,Sendi,Đurić,Narednik,1953-03-11,2009-11-26,Mrtav,B-,1
10632,4,Zakarija,Brkić,Narednik,1970-02-28,2014-07-02,Aktivan,B-,4
10633,1,Martea,Stanić,Narednik,1952-09-04,2009-07-13,Mrtav,AB+,5
10634,3,Kira,Petrović,Razvodnik,1956-03-04,2015-11-09,Neaktivan,A+,2
10635,2,Liv,Blažević,Brigadir,1963-06-25,2003-01-31,Aktivan,0-,4
10636,1,Amaris,Ćosić,Razvodnik,1953-06-12,2000-10-16,Neaktivan,A+,4
10637,1,Edita,Klarić,Narednik,1964-01-23,2015-03-06,Neaktivan,A-,5
10638,1,Slavica,Matijević,Narednik,1956-09-03,2018-03-22,Umirovljen,0+,5
10639,2,Elaina,Matić,Razvodnik,1963-06-02,1999-10-11,Mrtav,A-,3
10640,2,Rebeka,Marković,Brigadir,1964-06-16,2016-08-29,Neaktivan,0-,5
10641,4,Leona,Novak,Pukovnik,1964-08-03,1995-11-12,Umirovljen,B-,4
10642,1,Dajana,Novaković,Pukovnik,1969-02-18,2009-03-08,Aktivan,0+,5
10643,3,Goran,Jelić,Skupnik,1968-02-27,2008-07-02,Umirovljen,0+,5
10644,2,Kali,Horvat,Skupnik,1966-02-27,2000-09-27,Neaktivan,B-,3
10645,2,Lea,Lončarić,Pukovnik,1970-01-21,2012-04-02,Aktivan,0-,4
10646,2,Madelin,Babić,Skupnik,1959-09-24,1990-05-25,Neaktivan,AB+,1
10647,4,Marcel,Dragičević,Pukovnik,1956-11-04,2003-05-12,Aktivan,A+,2
10648,1,Kai,Antunović,Poručnik,1955-11-21,2013-04-30,Aktivan,AB-,4
10649,4,Samira,Janković,Satnik,1960-06-16,1999-07-10,Umirovljen,0+,4
10650,1,Brigita,Lovrić,Pukovnik,1955-04-16,1994-05-10,Aktivan,AB-,2
10651,2,Elena,Brkić,Pozornik,1960-03-27,2014-04-18,Mrtav,B-,2
10652,2,Lilika,Kovač,Brigadir,1954-08-13,2006-11-22,Aktivan,A+,2
10653,1,Gustav,Perić,Narednik,1950-02-24,1990-08-09,Mrtav,0+,2
10654,2,Vanesa,Jozić,Pozornik,1959-11-15,2010-12-08,Neaktivan,AB+,2
10655,4,Mariam,Cindrić,Satnik,1959-09-28,2005-05-01,Mrtav,A+,4
10656,2,Jakov,Vuković,Brigadir,1967-06-17,2000-02-23,Neaktivan,AB-,3
10657,1,Hai,Horvat,Pozornik,1951-12-17,2002-03-01,Mrtav,A-,4
10658,4,Anamarija,Jurčević,Narednik,1962-03-31,1995-05-13,Mrtav,B+,3
10659,1,Gisela,Perić,Brigadir,1969-10-25,2019-10-05,Neaktivan,0-,4
10660,3,Toni,Popović,Poručnik,1970-11-12,2019-01-16,Umirovljen,AB-,3
10661,2,Sebastijan,Brkić,Narednik,1960-08-20,2005-10-10,Neaktivan,A-,1
10662,3,Maris,Krznarić,Poručnik,1961-08-16,1991-03-14,Mrtav,AB+,2
10663,1,Franciska,Nikolić,Satnik,1961-04-20,2019-01-28,Neaktivan,AB+,5
10664,4,Rajna,Matić,Pukovnik,1950-10-22,1994-10-10,Umirovljen,B+,2
10665,3,Evica,Vidaković,Skupnik,1952-01-09,2004-12-01,Neaktivan,AB-,2
10666,1,Elena,Kovačević,Pozornik,1953-08-24,1991-09-29,Aktivan,A-,1
10667,3,Dajana,Krznarić,Poručnik,1957-09-13,2002-09-22,Neaktivan,A-,1
10668,1,Oliver,Jurić,Razvodnik,1959-11-30,1993-10-09,Aktivan,A+,3
10669,1,Leo,Posavec,Pukovnik,1956-02-17,1990-05-16,Neaktivan,B-,5
10670,1,Stela,Sever,Pukovnik,1966-07-25,1995-02-09,Aktivan,AB+,5
10671,3,Lenon,Pavlović,Brigadir,1954-11-21,1998-04-07,Mrtav,0-,1
10672,4,Dana,Radić,Satnik,1955-04-30,2004-09-09,Aktivan,AB-,4
10673,4,Rea,Jurišić,Bojnik,1952-06-30,1996-06-23,Umirovljen,0-,5
10674,1,Dajana,Vrdoljak,Skupnik,1967-08-16,2001-02-08,Aktivan,A-,5
10675,3,Mauro,Rukavina,Poručnik,1970-08-26,2014-10-29,Aktivan,0+,3
10676,4,Isla,Grgurić,Bojnik,1962-08-08,2011-06-22,Neaktivan,B+,3
10677,1,Dario,Lončarić,Skupnik,1951-12-09,1996-05-07,Aktivan,B-,1
10678,1,Rosalia,Radić,Pukovnik,1965-06-20,2002-01-01,Mrtav,B-,5
10679,3,Branimir,Babić,Pukovnik,1955-11-16,2011-03-29,Neaktivan,0+,5
10680,2,Dalia,Burić,Razvodnik,1963-12-14,2012-04-29,Aktivan,B-,3
10681,4,Lilika,Kolarić,Pozornik,1967-10-05,2007-03-14,Mrtav,B-,4
10682,4,Elivija,Ružić,Pukovnik,1959-12-17,2004-08-11,Umirovljen,AB+,4
10683,2,Viktor,Crnković,Razvodnik,1963-08-10,2002-12-18,Umirovljen,AB+,1
10684,1,Niko,Ivanković,Skupnik,1970-12-20,2002-11-18,Aktivan,B-,1
10685,4,Natalija,Antunović,Narednik,1967-07-11,1995-11-10,Aktivan,A+,3
10686,3,Ben,Perković,Satnik,1958-11-13,1995-05-11,Aktivan,0+,5
10687,3,Melkiot,Pavlić,Pozornik,1959-11-28,2000-09-08,Mrtav,B-,4
10688,2,Vito,Jukić,Pukovnik,1960-10-11,2001-10-09,Umirovljen,0-,2
10689,2,Katarina,Lončar,Poručnik,1969-12-15,1996-03-31,Aktivan,A+,5
10690,1,Viktor,Ivančić,Brigadir,1966-05-07,1998-09-22,Umirovljen,0-,1
10691,1,Rebeka,Radić,Poručnik,1960-10-08,2002-01-25,Umirovljen,A-,3
10692,2,Bruno,Petrović,Narednik,1951-11-28,2013-03-25,Aktivan,AB+,5
10693,4,Nia,Stanić,Narednik,1950-03-14,2000-02-06,Aktivan,B-,4
10694,2,Nives,Perković,Pukovnik,1968-10-24,2020-12-09,Umirovljen,A+,5
10695,2,Dani,Marković,Poručnik,1965-07-12,2000-11-21,Neaktivan,0+,2
10696,4,Marisol,Šimić,Razvodnik,1959-02-02,2011-10-12,Aktivan,0+,3
10697,2,Estela,Vidović,Pozornik,1968-03-22,2017-04-25,Mrtav,A+,5
10698,3,Mateo,Marjanović,Razvodnik,1968-06-18,2012-04-26,Umirovljen,A+,1
10699,3,Zelda,Sever,Brigadir,1970-07-21,2002-04-12,Umirovljen,B-,2
10700,1,Juna,Josipović,Brigadir,1953-08-18,1993-06-18,Umirovljen,B-,1
10701,2,Teodor,Pavlić,Poručnik,1950-06-18,2004-02-08,Aktivan,0-,1
10702,4,Kalisa,Jurčević,Poručnik,1952-01-27,2007-01-07,Umirovljen,0-,3
10703,1,Leona,Krznarić,Brigadir,1959-04-16,2003-11-05,Aktivan,0-,5
10704,1,Ena,Kovač,Razvodnik,1968-07-08,2011-08-05,Mrtav,AB-,2
10705,2,Matej,Vidović,Poručnik,1950-05-23,2000-09-15,Neaktivan,0-,5
10706,2,Arijana,Tomić,Pukovnik,1958-02-03,2007-02-22,Neaktivan,B+,1
10707,3,Nikol,Jurišić,Pozornik,1954-11-07,1992-06-30,Aktivan,A-,2
10708,3,Krista,Jurišić,Pukovnik,1963-03-31,2011-03-16,Neaktivan,0-,3
10709,2,Rosalia,Rukavina,Satnik,1951-06-03,1993-07-30,Mrtav,A-,5
10710,2,Lenon,Ivanović,Bojnik,1956-12-25,2011-06-24,Aktivan,A+,4
10711,1,Natalija,Vidović,Razvodnik,1967-04-05,2000-07-07,Neaktivan,A-,3
10712,3,Željkica,Filipović,Poručnik,1963-12-03,2019-11-25,Neaktivan,A-,3
10713,4,Maca,Jozić,Pukovnik,1957-11-01,2013-01-04,Aktivan,0-,5
10714,4,Moli,Kralj,Satnik,1951-06-11,1993-06-02,Aktivan,A+,1
10715,3,Melanija,Šimić,Poručnik,1951-03-03,1992-10-26,Aktivan,B-,1
10716,2,Milena,Pavić,Razvodnik,1951-01-03,1994-09-09,Mrtav,0+,1
10717,3,Bria,Herceg,Razvodnik,1957-04-05,2001-05-31,Aktivan,B-,4
10718,4,Elie,Petrović,Narednik,1961-10-16,2009-10-03,Neaktivan,AB-,3
10719,4,Kruna,Marušić,Bojnik,1950-12-24,2014-04-26,Umirovljen,AB+,3
10720,3,Gaj,Horvat,Poručnik,1963-04-22,2012-11-28,Neaktivan,0+,3
10721,1,Nira,Jurković,Pozornik,1969-04-09,2006-08-21,Neaktivan,AB+,3
10722,4,Harmina,Jurišić,Pukovnik,1969-11-17,2002-09-01,Mrtav,0-,5
10723,4,Rila,Jurčević,Narednik,1961-03-05,1995-05-03,Umirovljen,B-,4
10724,1,Alma,Bašić,Satnik,1967-08-08,1997-11-10,Neaktivan,0+,1
10725,4,Marina,Mikulić,Poručnik,1959-04-30,2012-01-04,Aktivan,0+,2
10726,1,Beatrica,Ružić,Narednik,1960-08-10,2004-06-01,Umirovljen,B-,4
10727,1,Rhea,Lovrić,Skupnik,1950-08-08,2013-08-14,Umirovljen,B+,2
10728,3,Kristian,Jurčević,Pukovnik,1962-12-16,1997-12-02,Aktivan,A-,3
10729,1,Santino,Tomić,Skupnik,1951-03-04,1999-05-25,Aktivan,B-,4
10730,3,Laura,Butković,Razvodnik,1960-09-30,1992-06-04,Neaktivan,A-,4
10731,1,Roman,Ivanović,Razvodnik,1966-06-02,1990-12-21,Mrtav,A-,1
10732,4,Fabijan,Pavić,Skupnik,1954-10-16,2018-08-15,Aktivan,A-,1
10733,3,Belen,Herceg,Skupnik,1958-12-31,2008-01-11,Aktivan,AB-,4
10734,2,Makena,Radić,Poručnik,1953-04-07,2009-03-22,Aktivan,B-,4
10735,3,Kina,Pavlić,Brigadir,1961-12-08,2016-10-02,Mrtav,0-,4
10736,1,Oto,Novak,Bojnik,1950-02-26,1998-06-13,Mrtav,A-,5
10737,4,Izaija,Grubišić,Pukovnik,1966-07-24,1990-02-16,Aktivan,A+,5
10738,4,Ofelia,Vučković,Satnik,1956-03-21,2019-07-19,Umirovljen,B-,1
10739,3,Vanja,Nikolić,Skupnik,1952-01-02,1996-08-02,Mrtav,B+,5
10740,2,Luela,Herceg,Razvodnik,1969-10-21,2015-07-22,Aktivan,B-,3
10741,1,Estela,Kolarić,Pozornik,1970-11-06,2000-04-03,Mrtav,A-,1
10742,4,Mela,Šimić,Pozornik,1956-09-04,2002-09-27,Mrtav,AB-,2
10743,2,Filipa,Ćosić,Razvodnik,1969-01-30,2015-04-07,Neaktivan,A-,5
10744,2,Roman,Barišić,Brigadir,1952-11-18,2017-03-22,Umirovljen,A+,2
10745,3,Rhea,Mitrović,Bojnik,1965-02-21,2019-04-23,Neaktivan,AB+,1
10746,3,Korina,Jelić,Razvodnik,1967-11-16,1992-08-05,Umirovljen,A-,3
10747,1,Damir,Matković,Poručnik,1968-03-03,2010-09-21,Neaktivan,A+,1
10748,2,Nova,Sever,Poručnik,1967-12-09,1999-08-08,Umirovljen,AB+,2
10749,1,Evanđelika,Cindrić,Pukovnik,1968-02-10,2013-02-09,Umirovljen,A+,3
10750,1,Anemari,Grgurić,Pukovnik,1966-05-01,2010-05-28,Neaktivan,A-,4
10751,2,Bartola,Pavić,Pozornik,1963-04-28,2002-05-11,Umirovljen,A-,2
10752,1,Pavel,Jovanović,Pozornik,1959-09-02,2011-09-06,Aktivan,AB-,3
10753,1,Evina,Nikolić,Pukovnik,1963-08-04,2016-04-15,Mrtav,B-,3
10754,2,Lea,Novak,Narednik,1967-04-30,1995-12-11,Mrtav,B+,5
10755,4,Lina,Nikolić,Pukovnik,1963-01-25,2020-02-23,Neaktivan,AB+,4
10756,1,Matea,Novak,Bojnik,1964-02-15,2008-11-22,Umirovljen,A-,2
10757,4,Tara,Rukavina,Poručnik,1964-06-06,2020-12-11,Neaktivan,B-,5
10758,3,Davina,Đurđević,Poručnik,1954-01-10,2002-07-10,Neaktivan,A-,4
10759,1,Jolena,Lončarić,Skupnik,1957-03-25,2004-01-22,Aktivan,B-,4
10760,2,Vincent,Petković,Pukovnik,1962-08-03,1997-03-06,Mrtav,B+,3
10761,3,Evica,Jovanović,Bojnik,1950-07-27,2002-07-20,Umirovljen,B+,4
10762,2,Emili,Vuković,Pukovnik,1959-07-07,1997-01-19,Neaktivan,B+,2
10763,2,Marisol,Pavić,Satnik,1970-11-20,2017-01-18,Aktivan,0+,3
10764,1,Natalija,Horvat,Brigadir,1962-01-09,2006-03-03,Umirovljen,A-,5
10765,3,Maca,Miletić,Skupnik,1957-05-26,2005-10-13,Umirovljen,B-,1
10766,1,Alana,Brkić,Brigadir,1969-04-24,2019-11-15,Neaktivan,B-,1
10767,3,Salema,Grgić,Skupnik,1958-09-25,2008-06-03,Umirovljen,AB-,4
10768,3,Bruno,Jurišić,Satnik,1955-05-10,2009-08-09,Umirovljen,0-,5
10769,4,Dorotej,Varga,Pozornik,1958-03-11,1996-10-31,Neaktivan,B+,5
10770,4,Saša,Varga,Bojnik,1958-12-03,2005-06-24,Neaktivan,AB-,4
10771,2,Viena,Ćosić,Pozornik,1970-12-14,2017-10-17,Neaktivan,AB-,4
10772,4,Izaija,Jurković,Pukovnik,1958-01-04,1992-06-26,Aktivan,A+,5
10773,4,Ivor,Vuković,Bojnik,1964-10-05,1994-06-17,Neaktivan,A-,3
10774,1,Beta,Šimunić,Brigadir,1950-04-13,1990-06-09,Mrtav,A+,4
10775,3,Moli,Posavec,Pukovnik,1961-11-12,1990-04-09,Aktivan,0+,4
10776,3,Adam,Popović,Narednik,1964-06-04,2003-09-24,Mrtav,AB-,4
10777,1,Gema,Ivanović,Pozornik,1963-12-16,2014-12-29,Umirovljen,A+,2
10778,1,Goran,Vrdoljak,Bojnik,1959-05-16,2008-06-14,Mrtav,0+,4
10779,2,Mila,Dragičević,Satnik,1954-11-15,2011-09-20,Aktivan,AB-,1
10780,4,Alesia,Šimunović,Pozornik,1965-05-01,2009-03-11,Umirovljen,AB+,1
10781,3,Julijan,Dujmović,Skupnik,1956-04-11,2003-04-24,Aktivan,AB-,4
10782,2,Miroslava,Šimunić,Narednik,1955-11-22,2007-09-05,Umirovljen,B-,4
10783,2,Hada,Novak,Narednik,1950-09-09,2005-09-23,Mrtav,AB+,3
10784,3,Ćiril,Vučković,Brigadir,1951-12-01,1998-04-23,Mrtav,B+,4
10785,1,Mihaela,Sever,Pozornik,1950-11-10,2006-04-05,Neaktivan,A-,3
10786,2,Lucija,Tomić,Pukovnik,1969-06-05,2008-07-30,Neaktivan,B-,1
10787,1,Mauro,Abramović,Brigadir,1970-04-08,2019-10-20,Umirovljen,B+,5
10788,4,Leksi,Grgić,Pozornik,1968-11-12,2011-08-06,Mrtav,AB-,5
10789,4,Dragica,Jovanović,Satnik,1956-09-23,2000-04-30,Umirovljen,A-,4
10790,3,Frida,Katić,Poručnik,1950-05-13,1993-09-30,Mrtav,AB-,5
10791,2,Paisa,Ivanković,Poručnik,1953-03-25,1994-07-02,Umirovljen,0+,2
10792,1,Božidar,Novosel,Razvodnik,1962-02-28,2011-12-16,Mrtav,A-,1
10793,1,Franjo,Antunović,Pukovnik,1965-09-10,1993-08-10,Umirovljen,B-,5
10794,3,Florijan,Filipović,Skupnik,1963-12-10,1999-08-26,Neaktivan,AB+,2
10795,2,Siri,Jakovljević,Pozornik,1958-07-12,2006-06-18,Mrtav,AB-,5
10796,1,Eva,Novaković,Pozornik,1970-07-25,2008-05-19,Aktivan,0+,3
10797,2,Serena,Tomić,Brigadir,1956-12-18,2016-11-09,Mrtav,0-,5
10798,2,Adam,Jakovljević,Poručnik,1966-04-11,2012-02-10,Mrtav,A-,5
10799,2,Jerko,Matković,Pozornik,1954-10-29,1992-05-05,Mrtav,0+,3
10800,3,Zaria,Šarić,Narednik,1954-03-01,2015-11-04,Mrtav,B-,3
10801,2,Renata,Jurišić,Poručnik,1961-04-12,2017-12-09,Neaktivan,AB+,3
10802,2,Neo,Popović,Pukovnik,1952-12-17,1995-10-25,Umirovljen,0+,2
10803,4,Amira,Mikulić,Poručnik,1967-08-11,2005-06-12,Neaktivan,B+,5
10804,1,Jordan,Šarić,Brigadir,1954-01-16,2020-12-10,Aktivan,0-,1
10805,1,Vera,Šimunović,Brigadir,1953-01-02,2019-12-29,Aktivan,B-,3
10806,4,Emil,Matijević,Poručnik,1959-08-13,1995-04-06,Mrtav,B-,3
10807,1,Lea,Marjanović,Pozornik,1964-09-20,1999-07-03,Umirovljen,B+,4
10808,2,Samanta,Jakovljević,Narednik,1966-03-16,2011-12-26,Mrtav,A+,3
10809,3,Anđeo,Pavlić,Razvodnik,1967-02-28,1996-05-11,Mrtav,AB-,3
10810,1,Gloria,Radić,Satnik,1961-02-28,1991-06-02,Neaktivan,A+,2
10811,4,Renato,Butković,Poručnik,1964-06-25,1991-01-15,Neaktivan,0+,2
10812,1,Jara,Ćosić,Pozornik,1970-05-02,2019-08-27,Neaktivan,B-,3
10813,1,Antonio,Đurić,Bojnik,1952-07-14,1997-04-10,Aktivan,AB+,1
10814,1,Dorian,Bašić,Narednik,1953-05-05,2004-12-05,Umirovljen,B-,3
10815,3,Moreno,Antunović,Poručnik,1950-06-20,2000-02-14,Umirovljen,0+,3
10816,1,Brigita,Crnković,Pozornik,1966-03-29,2013-11-12,Mrtav,0-,4
10817,3,Aliza,Šimunović,Razvodnik,1955-09-14,2010-09-11,Umirovljen,B-,2
10818,2,Milica,Živković,Satnik,1955-09-15,2016-02-14,Aktivan,0-,2
10819,2,Zoja,Bilić,Skupnik,1962-12-26,1993-02-28,Mrtav,B+,3
10820,3,Tatjana,Krznarić,Skupnik,1967-04-10,2020-03-08,Aktivan,AB-,5
10821,4,Siri,Božić,Bojnik,1955-06-22,2013-04-29,Mrtav,AB-,2
10822,2,Lina,Kralj,Skupnik,1963-04-16,1990-03-24,Neaktivan,AB+,1
10823,4,Noela,Bašić,Pozornik,1970-06-16,1991-06-17,Mrtav,0+,5
10824,4,Lorena,Matković,Bojnik,1969-08-13,2011-04-16,Mrtav,B+,3
10825,2,Severino,Pavlović,Bojnik,1963-01-10,2001-07-24,Mrtav,A+,4
10826,1,Magnolija,Burić,Pukovnik,1969-07-16,2017-01-26,Mrtav,B+,1
10827,3,Moli,Novosel,Pozornik,1961-09-20,1995-08-04,Mrtav,0+,5
10828,3,Viktor,Mitrović,Poručnik,1968-04-29,2003-02-28,Aktivan,AB-,2
10829,3,Nora,Pavlić,Brigadir,1966-06-26,2019-10-30,Aktivan,AB+,1
10830,1,Lucija,Šimunić,Brigadir,1956-05-22,2008-10-20,Aktivan,B+,1
10831,2,Nadia,Marušić,Pukovnik,1955-06-30,2003-02-28,Umirovljen,0-,5
10832,4,Lora,Vuković,Pozornik,1962-05-04,1996-06-06,Aktivan,B+,1
10833,1,Evina,Petković,Razvodnik,1967-06-25,1992-02-06,Neaktivan,0-,1
10834,1,Nikola,Vidaković,Narednik,1968-11-17,1993-01-08,Mrtav,B+,3
10835,2,Marta,Miletić,Narednik,1960-10-02,2014-03-25,Umirovljen,B+,2
10836,4,Lika,Dragičević,Narednik,1954-05-02,2007-03-24,Aktivan,B+,4
10837,3,Zoe,Mikulić,Narednik,1965-06-22,2002-04-07,Aktivan,0-,2
10838,4,Simona,Barišić,Pozornik,1970-02-28,2003-02-25,Neaktivan,B-,1
10839,1,Tim,Perić,Brigadir,1954-09-22,2015-08-10,Neaktivan,0-,4
10840,3,Teo,Vrdoljak,Satnik,1967-07-04,2006-01-04,Mrtav,AB-,4
10841,4,Ariel,Barišić,Satnik,1967-06-28,2000-08-09,Umirovljen,B-,3
10842,3,Alen,Tomić,Narednik,1970-07-23,2019-06-10,Umirovljen,0+,2
10843,3,Nira,Đurđević,Bojnik,1967-12-04,2019-10-06,Neaktivan,AB+,4
10844,2,Kate,Petrović,Poručnik,1951-09-22,1990-07-28,Aktivan,B+,2
10845,4,Galilea,Marić,Brigadir,1966-09-13,2008-04-11,Umirovljen,0+,3
10846,1,Kiana,Lončar,Pozornik,1964-11-24,2020-02-15,Neaktivan,B-,3
10847,4,Aida,Radić,Narednik,1963-03-15,2001-11-17,Aktivan,AB+,2
10848,1,Adelina,Matijević,Razvodnik,1953-04-16,2008-05-28,Mrtav,0+,4
10849,3,Elaina,Novosel,Pozornik,1954-02-20,2008-06-21,Mrtav,B+,3
10850,3,Korina,Burić,Poručnik,1956-01-29,2003-01-16,Neaktivan,A+,3
10851,4,Velina,Marjanović,Poručnik,1959-05-10,2010-11-29,Aktivan,AB+,3
10852,2,Marija,Miletić,Bojnik,1955-06-10,1993-02-28,Aktivan,A-,4
10853,1,Karmen,Mandić,Poručnik,1969-05-01,1993-10-11,Neaktivan,A-,4
10854,1,Artemisa,Brajković,Pukovnik,1967-02-05,2000-02-28,Neaktivan,0-,2
10855,2,Kamila,Kralj,Satnik,1963-07-02,2001-02-24,Neaktivan,B+,4
10856,4,Goran,Krznarić,Brigadir,1951-07-26,2013-07-14,Aktivan,0-,2
10857,4,Slaven,Matković,Skupnik,1963-09-10,2008-09-24,Aktivan,A+,4
10858,3,Hada,Kralj,Brigadir,1957-12-30,2002-08-08,Umirovljen,B-,4
10859,2,Nikol,Kralj,Skupnik,1956-02-26,2001-07-04,Mrtav,AB-,1
10860,1,Kenia,Dujmović,Skupnik,1963-08-17,1997-06-02,Aktivan,AB+,1
10861,4,Fran,Perković,Poručnik,1969-01-10,2010-05-03,Mrtav,B-,5
10862,2,Lovorka,Perić,Poručnik,1968-12-01,2013-07-01,Umirovljen,B-,4
10863,3,Vito,Knežević,Narednik,1968-05-28,2014-02-04,Neaktivan,AB-,2
10864,2,Fernand,Lukić,Poručnik,1955-08-16,2002-05-11,Umirovljen,A-,3
10865,4,Breta,Perković,Razvodnik,1956-03-07,2011-04-19,Mrtav,0+,3
10866,3,Skila,Lovrić,Razvodnik,1954-04-10,1997-05-10,Neaktivan,0+,5
10867,4,Gabrijela,Marković,Razvodnik,1952-10-29,2009-10-18,Aktivan,A-,1
10868,4,Lilia,Posavec,Pukovnik,1956-09-14,2006-12-19,Umirovljen,B+,4
10869,1,Elanija,Sever,Razvodnik,1961-01-20,2018-05-07,Aktivan,0+,4
10870,1,Ernest,Lukić,Poručnik,1966-12-05,2002-07-21,Neaktivan,0+,3
10871,2,Amber,Sever,Pozornik,1966-01-12,2009-03-24,Mrtav,B+,2
10872,4,Kiara,Galić,Narednik,1958-10-10,2011-07-20,Umirovljen,AB+,4
10873,2,Ivan,Jovanović,Poručnik,1965-11-11,2010-03-03,Mrtav,A-,5
10874,2,Theodora,Miletić,Narednik,1955-01-23,1994-07-15,Aktivan,A+,4
10875,3,Emberli,Perić,Brigadir,1964-05-03,1996-11-22,Neaktivan,AB-,2
10876,2,Rubi,Kralj,Brigadir,1957-09-18,2005-04-05,Mrtav,AB+,3
10877,3,Majin,Đurđević,Satnik,1954-09-21,2010-11-07,Aktivan,A+,1
10878,2,Nala,Martinović,Skupnik,1966-07-01,1995-10-05,Mrtav,0-,3
10879,3,Avi,Vukelić,Bojnik,1951-04-04,2006-09-04,Umirovljen,A+,2
10880,3,Adam,Matković,Narednik,1958-07-22,1999-09-05,Umirovljen,A-,4
10881,3,Bosiljka,Šimunović,Satnik,1957-01-17,2016-01-19,Umirovljen,B+,2
10882,2,Jema,Pavić,Narednik,1957-04-22,1993-11-10,Aktivan,AB-,5
10883,3,Brigita,Lovrić,Satnik,1962-10-23,2010-12-28,Aktivan,A-,5
10884,4,Anabela,Šarić,Poručnik,1952-11-10,1998-05-01,Aktivan,A+,5
10885,1,Lili,Bašić,Brigadir,1970-08-08,2018-07-20,Mrtav,0-,5
10886,1,Oleg,Klarić,Satnik,1970-06-25,1991-03-09,Mrtav,B+,5
10887,2,Harmina,Mandić,Pozornik,1967-12-12,1990-06-24,Mrtav,A-,3
10888,4,Fredo,Ćosić,Pukovnik,1961-11-13,2017-01-26,Neaktivan,A+,3
10889,2,Selena,Matijević,Brigadir,1968-06-12,1992-09-01,Mrtav,A+,1
10890,4,Antea,Vuković,Razvodnik,1965-03-14,2019-06-17,Mrtav,A-,5
10891,3,Hrvoje,Vuković,Poručnik,1964-10-02,1992-03-16,Neaktivan,B+,3
10892,2,Cecilija,Josipović,Pukovnik,1956-01-31,2016-03-18,Umirovljen,B+,1
10893,2,Leonardo,Marić,Poručnik,1952-04-16,2016-07-01,Neaktivan,B-,3
10894,3,Linda,Šimić,Satnik,1950-07-18,1997-11-17,Neaktivan,B-,5
10895,4,Marin,Barišić,Razvodnik,1956-03-01,2006-04-02,Mrtav,A-,4
10896,4,Remi,Crnković,Skupnik,1955-03-26,2005-06-07,Neaktivan,B+,2
10897,4,Aleksandra,Bašić,Poručnik,1970-11-17,2004-09-04,Mrtav,AB-,1
10898,3,Anastasija,Marić,Narednik,1955-04-17,2014-02-28,Umirovljen,A+,5
10899,4,Maksima,Kovačić,Pozornik,1970-02-08,2012-05-15,Umirovljen,0-,1
10900,3,Emili,Šimić,Skupnik,1953-09-30,2009-12-12,Neaktivan,0+,3
10901,3,Matej,Kovač,Brigadir,1967-01-01,1994-05-15,Umirovljen,0-,1
10902,3,Jerko,Novosel,Narednik,1954-12-25,2002-12-14,Neaktivan,AB-,1
10903,4,Biserka,Crnković,Bojnik,1963-05-16,2011-09-16,Aktivan,A+,3
10904,1,Rita,Galić,Pozornik,1963-07-04,2006-11-24,Neaktivan,AB-,4
10905,4,Ivana,Ivanović,Narednik,1970-05-01,1994-12-13,Mrtav,0-,2
10906,3,Ognjen,Krznarić,Skupnik,1954-02-18,1992-02-01,Mrtav,AB-,5
10907,1,Ofelia,Grgić,Pukovnik,1957-11-08,2008-09-01,Neaktivan,B-,1
10908,3,Rea,Filipović,Pozornik,1958-12-04,1999-01-31,Aktivan,0-,3
10909,2,Klementina,Lovrić,Razvodnik,1967-01-18,1995-12-30,Umirovljen,B-,1
10910,2,Itzela,Matić,Poručnik,1963-02-10,1999-09-26,Aktivan,AB-,4
10911,4,Rebeka,Đurđević,Razvodnik,1956-04-10,2001-02-02,Umirovljen,B-,1
10912,4,Gordan,Marković,Narednik,1962-08-24,2011-05-26,Mrtav,A+,5
10913,1,Goran,Cindrić,Satnik,1952-02-20,2014-10-20,Aktivan,AB-,5
10914,4,Emir,Jakovljević,Poručnik,1968-01-13,1990-09-25,Neaktivan,0+,5
10915,4,Imani,Jozić,Bojnik,1963-06-17,2001-05-17,Aktivan,AB+,4
10916,2,Karla,Crnković,Pozornik,1961-12-14,2020-05-12,Neaktivan,A-,3
10917,4,Karmen,Vidaković,Satnik,1957-11-12,2000-01-26,Aktivan,B+,5
10918,2,Lilia,Vučković,Poručnik,1967-12-03,2002-08-05,Umirovljen,0+,1
10919,2,Tončica,Grubišić,Narednik,1950-07-09,2010-03-29,Neaktivan,AB+,5
10920,3,Franka,Galić,Pozornik,1970-09-17,2003-05-01,Mrtav,B-,3
10921,2,Željkica,Matijević,Pukovnik,1969-03-08,1990-05-13,Umirovljen,AB+,1
10922,2,Karina,Galić,Brigadir,1966-09-06,1995-03-03,Neaktivan,B-,3
10923,4,Ira,Lončar,Brigadir,1956-07-14,2014-03-08,Aktivan,0-,3
10924,4,Tihana,Jurišić,Bojnik,1950-07-07,2005-08-18,Umirovljen,0-,3
10925,3,Vanja,Bašić,Satnik,1967-09-26,1996-10-20,Mrtav,A+,5
10926,1,Mikaela,Perić,Poručnik,1961-10-13,2000-08-26,Neaktivan,B+,3
10927,3,Janica,Jozić,Pozornik,1956-02-08,2013-05-03,Aktivan,AB-,2
10928,4,Korina,Sever,Narednik,1953-06-13,2015-12-19,Neaktivan,A-,2
10929,2,Vigo,Krznarić,Skupnik,1955-07-07,2007-01-05,Aktivan,A+,2
10930,4,Chaja,Josipović,Skupnik,1970-09-21,2011-09-05,Umirovljen,0+,4
10931,1,Zorka,Đurić,Narednik,1966-02-03,2011-11-05,Neaktivan,A-,5
10932,4,Ferdinand,Jovanović,Narednik,1966-10-04,2020-12-16,Neaktivan,AB-,2
10933,1,Elio,Posavec,Bojnik,1964-06-03,2005-10-14,Neaktivan,A+,3
10934,4,Alijah,Butković,Pukovnik,1967-07-14,2015-09-12,Neaktivan,B-,1
10935,3,Ezra,Jovanović,Narednik,1955-07-21,2005-09-08,Neaktivan,A+,1
10936,4,Neven,Kovač,Bojnik,1956-09-10,2019-10-22,Umirovljen,AB+,5
10937,2,Željko,Lukić,Skupnik,1963-06-27,2013-02-21,Aktivan,0+,1
10938,2,Oliver,Marić,Pozornik,1966-12-26,1999-12-03,Mrtav,0+,3
10939,2,Teo,Posavec,Satnik,1962-04-27,1997-03-08,Aktivan,AB+,3
10940,3,Damir,Petrović,Razvodnik,1950-04-17,1995-06-17,Neaktivan,AB-,1
10941,2,Zara,Filipović,Brigadir,1969-06-20,2019-08-19,Neaktivan,B-,2
10942,3,Zahra,Kovačević,Poručnik,1970-04-17,2016-03-02,Aktivan,0+,3
10943,2,Penelopa,Horvat,Skupnik,1953-06-30,2003-07-03,Mrtav,B-,5
10944,2,Željka,Jakovljević,Narednik,1952-06-08,2010-01-15,Mrtav,A+,3
10945,2,Ljerka,Ivanković,Narednik,1954-07-01,2013-12-28,Umirovljen,B+,5
10946,2,Marta,Katić,Poručnik,1969-08-10,2020-10-24,Mrtav,AB-,1
10947,3,Dragica,Bošnjak,Poručnik,1956-12-06,2012-03-29,Neaktivan,0+,5
10948,1,Mina,Tomić,Pozornik,1968-04-15,2014-05-01,Umirovljen,A+,1
10949,4,Katalina,Šimunić,Narednik,1970-08-27,2010-10-18,Neaktivan,B-,4
10950,2,Jaka,Bošnjak,Bojnik,1953-03-03,2001-03-01,Aktivan,B-,5
10951,2,Lidija,Popović,Satnik,1960-08-01,2015-12-17,Mrtav,B-,5
10952,3,Jura,Ivanković,Skupnik,1958-09-24,1996-12-07,Umirovljen,A-,2
10953,3,Anamarija,Vučković,Pozornik,1962-02-17,2016-02-11,Mrtav,B+,1
10954,2,Damjan,Petrović,Satnik,1961-05-30,2017-12-26,Neaktivan,0-,2
10955,3,Eli,Matković,Narednik,1963-11-24,2002-10-05,Umirovljen,0+,1
10956,4,Tristan,Bašić,Razvodnik,1963-02-05,2016-03-02,Aktivan,0-,2
10957,4,Lea,Galić,Pukovnik,1970-11-16,2015-12-06,Aktivan,AB+,2
10958,2,Erik,Dujmović,Satnik,1970-08-20,2015-12-04,Umirovljen,AB+,2
10959,1,Lovorka,Vukelić,Pukovnik,1964-05-19,2018-06-20,Umirovljen,A+,2
10960,4,Kristina,Marić,Poručnik,1970-08-19,2010-09-12,Mrtav,0-,3
10961,1,Regina,Božić,Razvodnik,1965-12-08,1990-01-02,Mrtav,B+,1
10962,3,Ante,Kralj,Pukovnik,1953-10-01,2019-01-23,Mrtav,AB-,1
10963,3,Jeremija,Pavlić,Skupnik,1964-01-08,1996-02-14,Aktivan,AB+,2
10964,2,Držislav,Lukić,Satnik,1970-05-03,2004-03-03,Neaktivan,B-,4
10965,2,Imani,Cvitković,Satnik,1956-05-05,2007-03-10,Neaktivan,AB+,2
10966,1,Teresa,Golubić,Poručnik,1961-08-24,1998-01-10,Neaktivan,AB+,5
10967,1,Fredo,Božić,Brigadir,1960-09-23,2017-02-12,Neaktivan,B-,3
10968,1,Krunoslav,Marjanović,Pozornik,1958-09-11,2007-04-05,Neaktivan,B-,5
10969,1,Sven,Marušić,Pozornik,1956-02-25,2012-01-04,Umirovljen,AB-,3
10970,4,Iris,Krznarić,Poručnik,1956-06-30,1990-06-25,Neaktivan,A+,2
10971,1,Moreno,Babić,Pukovnik,1960-06-28,2001-05-15,Mrtav,AB-,5
10972,4,Vladimir,Jovanović,Brigadir,1966-10-05,1995-04-16,Umirovljen,A-,1
10973,4,Dea,Živković,Brigadir,1954-09-07,2009-07-10,Mrtav,AB+,5
10974,2,Siri,Golubić,Razvodnik,1959-06-20,2005-08-17,Umirovljen,A-,4
10975,1,Anabela,Đurđević,Brigadir,1970-01-31,2010-04-07,Mrtav,AB+,1
10976,1,Elina,Katić,Pozornik,1959-10-05,2000-12-15,Neaktivan,A+,5
10977,3,Otta,Burić,Skupnik,1966-04-24,2012-11-10,Neaktivan,0-,3
10978,2,Selina,Lončarić,Narednik,1967-03-11,1994-06-15,Umirovljen,B+,4
10979,1,Severino,Vidaković,Bojnik,1962-02-28,2008-02-10,Aktivan,0-,1
10980,4,Ezekiel,Mitrović,Pukovnik,1964-10-06,1993-05-15,Aktivan,A-,3
10981,3,Nikolina,Cindrić,Narednik,1962-08-12,2010-04-08,Aktivan,B+,3
10982,4,Emil,Vuković,Razvodnik,1952-11-19,2016-01-01,Neaktivan,0+,4
10983,4,Sumka,Jelić,Pukovnik,1953-02-05,2011-03-21,Umirovljen,0-,2
10984,1,Anamarija,Marić,Razvodnik,1955-10-23,1993-07-05,Aktivan,A-,3
10985,4,Rahela,Vidaković,Pukovnik,1958-10-02,2012-07-19,Aktivan,A+,1
10986,1,Dijana,Radić,Poručnik,1968-11-07,2018-12-20,Aktivan,0+,1
10987,2,Lovro,Jurković,Brigadir,1962-08-15,2017-09-19,Neaktivan,0-,2
10988,4,Leonida,Lončarić,Bojnik,1962-03-28,1991-05-10,Aktivan,A+,1
10989,2,Eva,Abramović,Pozornik,1966-01-24,1997-05-11,Neaktivan,AB-,1
10990,1,Evona,Crnković,Skupnik,1951-01-08,2020-05-20,Mrtav,B-,4
10991,2,Aida,Šarić,Pozornik,1960-04-14,2010-06-02,Aktivan,0-,2
10992,2,Katarina,Radić,Pukovnik,1956-11-04,1994-12-27,Umirovljen,B-,4
10993,4,Lana,Krznarić,Satnik,1958-08-15,1993-09-20,Neaktivan,0-,3
10994,2,Oskar,Matković,Skupnik,1970-06-17,2014-04-15,Aktivan,0+,3
10995,3,Bena,Marković,Pozornik,1955-11-26,2003-11-25,Neaktivan,AB+,3
10996,3,Marina,Marjanović,Skupnik,1952-03-27,2003-06-19,Neaktivan,AB+,5
10997,1,Felicija,Herceg,Pozornik,1958-01-10,2007-04-29,Umirovljen,B+,4
10998,3,Božana,Galić,Narednik,1968-06-01,1995-10-19,Mrtav,AB-,1
10999,3,admin,admin,General,1955-09-04,1995-11-24,"Pokojan u duši",A+,30
